Workbook

Sheet Resumen
A1: Resumen de seguimiento de PV
A2: Hoy: | B2: =TODAY() -> 46304
A3: Fecha de corte (opcional): | B3: 46235 | C3: Si la fecha de entrega (estimada o reprogramada) es anterior a este corte y no está marcada ✔, el Estado dice REVISAR. Cámbiala o bórrala.
A5: 1. Resumen por estado | I5: 2. Pendientes (sin ✔)
A6: Estado | B6: Partidas | C6: % del total | D6: PV distintos | I6: Concepto | J6: Valor
A7: ATRASADO | B7: =COUNTIF('Lista PV'!$M$2:$M$826,A7) -> 173 | C7: =IF($B$13=0,0,B7/$B$13) -> 0.20969697 | D7: =SUMPRODUCT(('Lista PV'!$M$2:$M$826=A7)/COUNTIFS('Lista PV'!$A$2:$A$826,'Lista PV'!$A$2:$A$826,'Lista PV'!$M$2:$M$826,'Lista PV'!$M$2:$M$826)) -> 65 | I7: Partidas pendientes de entrega | J7: =B13-B12 -> 240
A8: POR VENCER | B8: =COUNTIF('Lista PV'!$M$2:$M$826,A8) -> 18 | C8: =IF($B$13=0,0,B8/$B$13) -> 0.021818182 | D8: =SUMPRODUCT(('Lista PV'!$M$2:$M$826=A8)/COUNTIFS('Lista PV'!$A$2:$A$826,'Lista PV'!$A$2:$A$826,'Lista PV'!$M$2:$M$826,'Lista PV'!$M$2:$M$826)) -> 5 | I8: Partidas con atraso (rojo) | J8: =COUNTIF('Lista PV'!$K$2:$K$826,">0") -> 173
A9: EN TIEMPO | B9: =COUNTIF('Lista PV'!$M$2:$M$826,A9) -> 48 | C9: =IF($B$13=0,0,B9/$B$13) -> 0.058181818 | D9: =SUMPRODUCT(('Lista PV'!$M$2:$M$826=A9)/COUNTIFS('Lista PV'!$A$2:$A$826,'Lista PV'!$A$2:$A$826,'Lista PV'!$M$2:$M$826,'Lista PV'!$M$2:$M$826)) -> 15 | I9: Atraso promedio (días) | J9: =IFERROR(AVERAGE('Lista PV'!$K$2:$K$826),0) -> 32.138728
A10: REVISAR | B10: =COUNTIF('Lista PV'!$M$2:$M$826,A10) -> 0 | C10: =IF($B$13=0,0,B10/$B$13) -> 0 | D10: =SUMPRODUCT(('Lista PV'!$M$2:$M$826=A10)/COUNTIFS('Lista PV'!$A$2:$A$826,'Lista PV'!$A$2:$A$826,'Lista PV'!$M$2:$M$826,'Lista PV'!$M$2:$M$826)) -> 0 | I10: Atraso máximo (días) | J10: =MAX('Lista PV'!$K$2:$K$826) -> 61
A11: REVISAR TE | B11: =COUNTIF('Lista PV'!$M$2:$M$826,A11) -> 1 | C11: =IF($B$13=0,0,B11/$B$13) -> 0.0012121212 | D11: =SUMPRODUCT(('Lista PV'!$M$2:$M$826=A11)/COUNTIFS('Lista PV'!$A$2:$A$826,'Lista PV'!$A$2:$A$826,'Lista PV'!$M$2:$M$826,'Lista PV'!$M$2:$M$826)) -> 1 | I11: Vencen en los próximos 7 días | J11: =COUNTIFS('Lista PV'!$M$2:$M$826,"POR VENCER")+COUNTIFS('Lista PV'!$M$2:$M$826,"EN TIEMPO",'Lista PV'!$Q$2:$Q$826,"<="&$B$2+7,'Lista PV'!$Q$2:$Q$826,">="&$B$2)+COUNTIFS('Lista PV'!$M$2:$M$826,"EN TIEMPO",'Lista PV'!$Q$2:$Q$826,"",'Lista PV'!$I$2:$I$826,"<="&$B$2+7,'Lista PV'!$I$2:$I$826,">="&$B$2) -> 26
A12: Entregado | B12: =COUNTIF('Lista PV'!$M$2:$M$826,A12) -> 585 | C12: =IF($B$13=0,0,B12/$B$13) -> 0.70909091 | D12: =SUMPRODUCT(('Lista PV'!$M$2:$M$826=A12)/COUNTIFS('Lista PV'!$A$2:$A$826,'Lista PV'!$A$2:$A$826,'Lista PV'!$M$2:$M$826,'Lista PV'!$M$2:$M$826)) -> 217
A13: TOTAL | B13: =SUM(B7:B12) -> 825 | C13: =SUM(C7:C12) -> 1 | D13: =SUMPRODUCT(1/COUNTIF('Lista PV'!$A$2:$A$826,'Lista PV'!$A$2:$A$826)) -> 302
A14: Reprogramadas | B14: =SUMPRODUCT(('Lista PV'!$Q$2:$Q$826<>"")*('Lista PV'!$Q$2:$Q$826<>'Lista PV'!$I$2:$I$826)) -> 11
A15: Un PV puede tener partidas en varios estados, por eso "PV distintos" por estado puede sumar más que el total.
A18: 3. Antigüedad del atraso (partidas con días de atraso) | I18: 4. Datos por capturar / completar
A19: Rango (días de atraso) | B19: Partidas | C19: % del total con atraso | I19: Columna | J19: Celdas vacías | K19: Para qué
A20: 1 a 7 | B20: =COUNTIFS('Lista PV'!$K$2:$K$826,">=1",'Lista PV'!$K$2:$K$826,"<=7") -> 32 | C20: =IF($B$24=0,0,B20/$B$24) -> 0.1849711 | I20: fecha reprogramada de entrega | J20: =COUNTBLANK('Lista PV'!$Q$2:$Q$826) -> 814 | K20: Solo si se mueve la entrega
A21: 8 a 30 | B21: =COUNTIFS('Lista PV'!$K$2:$K$826,">=8",'Lista PV'!$K$2:$K$826,"<=30") -> 40 | C21: =IF($B$24=0,0,B21/$B$24) -> 0.23121387 | I21: marcar de entregado | J21: =COUNTBLANK('Lista PV'!$L$2:$L$826) -> 240 | K21: Poner un carácter al entregar (✔)
A22: 31 a 60 | B22: =COUNTIFS('Lista PV'!$K$2:$K$826,">=31",'Lista PV'!$K$2:$K$826,"<=60") -> 99 | C22: =IF($B$24=0,0,B22/$B$24) -> 0.57225434 | I22: Cliente | J22: =COUNTBLANK('Lista PV'!$B$2:$B$826) -> 59 | K22: Completar en Lista PV
A23: Más de 60 | B23: =COUNTIFS('Lista PV'!$K$2:$K$826,">=61",'Lista PV'!$K$2:$K$826,"<=99999") -> 2 | C23: =IF($B$24=0,0,B23/$B$24) -> 0.011560694 | I23: Fecha entrega estimada | J23: =COUNTBLANK('Lista PV'!$I$2:$I$826) -> 44 | K23: Sin TE: estado REVISAR TE
A24: TOTAL | B24: =SUM(B20:B23) -> 173 | C24: =SUM(C20:C23) -> 1
A27: 5. Pendientes por cliente (partidas sin ✔)
A28: Cliente | B28: Atrasado | C28: Por vencer | D28: En tiempo | E28: Revisar | F28: Revisar TE | G28: Total pendientes
A29: TRISTONE FLOWTECH MEXICO | B29: =COUNTIFS('Lista PV'!$B$2:$B$826,$A29,'Lista PV'!$M$2:$M$826,"ATRASADO") -> 54 | C29: =COUNTIFS('Lista PV'!$B$2:$B$826,$A29,'Lista PV'!$M$2:$M$826,"POR VENCER") -> 4 | D29: =COUNTIFS('Lista PV'!$B$2:$B$826,$A29,'Lista PV'!$M$2:$M$826,"EN TIEMPO") -> 19 | E29: =COUNTIFS('Lista PV'!$B$2:$B$826,$A29,'Lista PV'!$M$2:$M$826,"REVISAR") -> 0 | F29: =COUNTIFS('Lista PV'!$B$2:$B$826,$A29,'Lista PV'!$M$2:$M$826,"REVISAR TE") -> 0 | G29: =SUM(B29:F29) -> 77
A30: TOYODA GOSEI RUBBER MEXICO | B30: =COUNTIFS('Lista PV'!$B$2:$B$826,$A30,'Lista PV'!$M$2:$M$826,"ATRASADO") -> 12 | C30: =COUNTIFS('Lista PV'!$B$2:$B$826,$A30,'Lista PV'!$M$2:$M$826,"POR VENCER") -> 4 | D30: =COUNTIFS('Lista PV'!$B$2:$B$826,$A30,'Lista PV'!$M$2:$M$826,"EN TIEMPO") -> 8 | E30: =COUNTIFS('Lista PV'!$B$2:$B$826,$A30,'Lista PV'!$M$2:$M$826,"REVISAR") -> 0 | F30: =COUNTIFS('Lista PV'!$B$2:$B$826,$A30,'Lista PV'!$M$2:$M$826,"REVISAR TE") -> 0 | G30: =SUM(B30:F30) -> 24
A31: AKWEL ORIZABA MEXICO | B31: =COUNTIFS('Lista PV'!$B$2:$B$826,$A31,'Lista PV'!$M$2:$M$826,"ATRASADO") -> 23 | C31: =COUNTIFS('Lista PV'!$B$2:$B$826,$A31,'Lista PV'!$M$2:$M$826,"POR VENCER") -> 9 | D31: =COUNTIFS('Lista PV'!$B$2:$B$826,$A31,'Lista PV'!$M$2:$M$826,"EN TIEMPO") -> 8 | E31: =COUNTIFS('Lista PV'!$B$2:$B$826,$A31,'Lista PV'!$M$2:$M$826,"REVISAR") -> 0 | F31: =COUNTIFS('Lista PV'!$B$2:$B$826,$A31,'Lista PV'!$M$2:$M$826,"REVISAR TE") -> 0 | G31: =SUM(B31:F31) -> 40
A32: MADISEN | B32: =COUNTIFS('Lista PV'!$B$2:$B$826,$A32,'Lista PV'!$M$2:$M$826,"ATRASADO") -> 17 | C32: =COUNTIFS('Lista PV'!$B$2:$B$826,$A32,'Lista PV'!$M$2:$M$826,"POR VENCER") -> 0 | D32: =COUNTIFS('Lista PV'!$B$2:$B$826,$A32,'Lista PV'!$M$2:$M$826,"EN TIEMPO") -> 3 | E32: =COUNTIFS('Lista PV'!$B$2:$B$826,$A32,'Lista PV'!$M$2:$M$826,"REVISAR") -> 0 | F32: =COUNTIFS('Lista PV'!$B$2:$B$826,$A32,'Lista PV'!$M$2:$M$826,"REVISAR TE") -> 0 | G32: =SUM(B32:F32) -> 20
A33: HUTCHINSON TRANSFERENCIA DE FLUIDOS MEXICO | B33: =COUNTIFS('Lista PV'!$B$2:$B$826,$A33,'Lista PV'!$M$2:$M$826,"ATRASADO") -> 10 | C33: =COUNTIFS('Lista PV'!$B$2:$B$826,$A33,'Lista PV'!$M$2:$M$826,"POR VENCER") -> 1 | D33: =COUNTIFS('Lista PV'!$B$2:$B$826,$A33,'Lista PV'!$M$2:$M$826,"EN TIEMPO") -> 1 | E33: =COUNTIFS('Lista PV'!$B$2:$B$826,$A33,'Lista PV'!$M$2:$M$826,"REVISAR") -> 0 | F33: =COUNTIFS('Lista PV'!$B$2:$B$826,$A33,'Lista PV'!$M$2:$M$826,"REVISAR TE") -> 0 | G33: =SUM(B33:F33) -> 12
A34: TI AUTOMOTIVE REYNOSA | B34: =COUNTIFS('Lista PV'!$B$2:$B$826,$A34,'Lista PV'!$M$2:$M$826,"ATRASADO") -> 27 | C34: =COUNTIFS('Lista PV'!$B$2:$B$826,$A34,'Lista PV'!$M$2:$M$826,"POR VENCER") -> 0 | D34: =COUNTIFS('Lista PV'!$B$2:$B$826,$A34,'Lista PV'!$M$2:$M$826,"EN TIEMPO") -> 2 | E34: =COUNTIFS('Lista PV'!$B$2:$B$826,$A34,'Lista PV'!$M$2:$M$826,"REVISAR") -> 0 | F34: =COUNTIFS('Lista PV'!$B$2:$B$826,$A34,'Lista PV'!$M$2:$M$826,"REVISAR TE") -> 0 | G34: =SUM(B34:F34) -> 29
A35: HUTCHINSON AUTOPARTES MEXICO | B35: =COUNTIFS('Lista PV'!$B$2:$B$826,$A35,'Lista PV'!$M$2:$M$826,"ATRASADO") -> 2 | C35: =COUNTIFS('Lista PV'!$B$2:$B$826,$A35,'Lista PV'!$M$2:$M$826,"POR VENCER") -> 0 | D35: =COUNTIFS('Lista PV'!$B$2:$B$826,$A35,'Lista PV'!$M$2:$M$826,"EN TIEMPO") -> 4 | E35: =COUNTIFS('Lista PV'!$B$2:$B$826,$A35,'Lista PV'!$M$2:$M$826,"REVISAR") -> 0 | F35: =COUNTIFS('Lista PV'!$B$2:$B$826,$A35,'Lista PV'!$M$2:$M$826,"REVISAR TE") -> 0 | G35: =SUM(B35:F35) -> 6
A36: COOPER-STANDARD DE MEXICO | B36: =COUNTIFS('Lista PV'!$B$2:$B$826,$A36,'Lista PV'!$M$2:$M$826,"ATRASADO") -> 0 | C36: =COUNTIFS('Lista PV'!$B$2:$B$826,$A36,'Lista PV'!$M$2:$M$826,"POR VENCER") -> 0 | D36: =COUNTIFS('Lista PV'!$B$2:$B$826,$A36,'Lista PV'!$M$2:$M$826,"EN TIEMPO") -> 2 | E36: =COUNTIFS('Lista PV'!$B$2:$B$826,$A36,'Lista PV'!$M$2:$M$826,"REVISAR") -> 0 | F36: =COUNTIFS('Lista PV'!$B$2:$B$826,$A36,'Lista PV'!$M$2:$M$826,"REVISAR TE") -> 0 | G36: =SUM(B36:F36) -> 2
A37: MOTORES Y APARATOS ELECTRICOS DE DURANGO | B37: =COUNTIFS('Lista PV'!$B$2:$B$826,$A37,'Lista PV'!$M$2:$M$826,"ATRASADO") -> 0 | C37: =COUNTIFS('Lista PV'!$B$2:$B$826,$A37,'Lista PV'!$M$2:$M$826,"POR VENCER") -> 0 | D37: =COUNTIFS('Lista PV'!$B$2:$B$826,$A37,'Lista PV'!$M$2:$M$826,"EN TIEMPO") -> 0 | E37: =COUNTIFS('Lista PV'!$B$2:$B$826,$A37,'Lista PV'!$M$2:$M$826,"REVISAR") -> 0 | F37: =COUNTIFS('Lista PV'!$B$2:$B$826,$A37,'Lista PV'!$M$2:$M$826,"REVISAR TE") -> 0 | G37: =SUM(B37:F37) -> 0
A38: NOBEL AUTOMOTIVE TENNESSEE LLC | B38: =COUNTIFS('Lista PV'!$B$2:$B$826,$A38,'Lista PV'!$M$2:$M$826,"ATRASADO") -> 0 | C38: =COUNTIFS('Lista PV'!$B$2:$B$826,$A38,'Lista PV'!$M$2:$M$826,"POR VENCER") -> 0 | D38: =COUNTIFS('Lista PV'!$B$2:$B$826,$A38,'Lista PV'!$M$2:$M$826,"EN TIEMPO") -> 0 | E38: =COUNTIFS('Lista PV'!$B$2:$B$826,$A38,'Lista PV'!$M$2:$M$826,"REVISAR") -> 0 | F38: =COUNTIFS('Lista PV'!$B$2:$B$826,$A38,'Lista PV'!$M$2:$M$826,"REVISAR TE") -> 0 | G38: =SUM(B38:F38) -> 0
A39: SONOCO | B39: =COUNTIFS('Lista PV'!$B$2:$B$826,$A39,'Lista PV'!$M$2:$M$826,"ATRASADO") -> 0 | C39: =COUNTIFS('Lista PV'!$B$2:$B$826,$A39,'Lista PV'!$M$2:$M$826,"POR VENCER") -> 0 | D39: =COUNTIFS('Lista PV'!$B$2:$B$826,$A39,'Lista PV'!$M$2:$M$826,"EN TIEMPO") -> 0 | E39: =COUNTIFS('Lista PV'!$B$2:$B$826,$A39,'Lista PV'!$M$2:$M$826,"REVISAR") -> 0 | F39: =COUNTIFS('Lista PV'!$B$2:$B$826,$A39,'Lista PV'!$M$2:$M$826,"REVISAR TE") -> 0 | G39: =SUM(B39:F39) -> 0
A40: NOBEL AUTOMOTIVE MEXICO | B40: =COUNTIFS('Lista PV'!$B$2:$B$826,$A40,'Lista PV'!$M$2:$M$826,"ATRASADO") -> 0 | C40: =COUNTIFS('Lista PV'!$B$2:$B$826,$A40,'Lista PV'!$M$2:$M$826,"POR VENCER") -> 0 | D40: =COUNTIFS('Lista PV'!$B$2:$B$826,$A40,'Lista PV'!$M$2:$M$826,"EN TIEMPO") -> 0 | E40: =COUNTIFS('Lista PV'!$B$2:$B$826,$A40,'Lista PV'!$M$2:$M$826,"REVISAR") -> 0 | F40: =COUNTIFS('Lista PV'!$B$2:$B$826,$A40,'Lista PV'!$M$2:$M$826,"REVISAR TE") -> 0 | G40: =SUM(B40:F40) -> 0
... A48: COOPER-STANDARD AUTOMOTIVE INC. | B48: =COUNTIFS('Lista PV'!$B$2:$B$826,$A48,'Lista PV'!$M$2:$M$826,"ATRASADO") -> 0 | C48: =COUNTIFS('Lista PV'!$B$2:$B$826,$A48,'Lista PV'!$M$2:$M$826,"POR VENCER") -> 0 | D48: =COUNTIFS('Lista PV'!$B$2:$B$826,$A48,'Lista PV'!$M$2:$M$826,"EN TIEMPO") -> 0 | E48: =COUNTIFS('Lista PV'!$B$2:$B$826,$A48,'Lista PV'!$M$2:$M$826,"REVISAR") -> 0 | F48: =COUNTIFS('Lista PV'!$B$2:$B$826,$A48,'Lista PV'!$M$2:$M$826,"REVISAR TE") -> 1 | G48: =SUM(B48:F48) -> 1
A49: (Sin cliente capturado) | B49: =COUNTIFS('Lista PV'!$B$2:$B$826,"",'Lista PV'!$M$2:$M$826,"ATRASADO") -> 25 | C49: =COUNTIFS('Lista PV'!$B$2:$B$826,"",'Lista PV'!$M$2:$M$826,"POR VENCER") -> 0 | D49: =COUNTIFS('Lista PV'!$B$2:$B$826,"",'Lista PV'!$M$2:$M$826,"EN TIEMPO") -> 1 | E49: =COUNTIFS('Lista PV'!$B$2:$B$826,"",'Lista PV'!$M$2:$M$826,"REVISAR") -> 0 | F49: =COUNTIFS('Lista PV'!$B$2:$B$826,"",'Lista PV'!$M$2:$M$826,"REVISAR TE") -> 0 | G49: =SUM(B49:F49) -> 26
A50: TOTAL | B50: =SUM(B29:B49) -> 173 | C50: =SUM(C29:C49) -> 18 | D50: =SUM(D29:D49) -> 48 | E50: =SUM(E29:E49) -> 0 | F50: =SUM(F29:F49) -> 1 | G50: =SUM(G29:G49) -> 240
A51: Verificación contra sección 2 (debe ser 0): | G51: =G50-J7 -> 0

Sheet Lista PV
A1: PV | B1: Cliente | C1: Concepto | D1: Fecha PV | E1: Cantidad | F1: Fecha inicio | G1: TE (texto del PDF) | H1: TE (días) | I1: Fecha entrega estimada | J1: Dias para la entrega estimada | K1: días de atraso | L1: Embarque | M1: Estado | N1: Clave | P1: Archivo | Q1: fecha reprogramada de entrega
A2: PV 1290 | B2: HUTCHINSON TRANSFERENCIA DE FLUIDOS MEXICO | C2: FIXTURA INSPECCION ALUMINIO | GAGE 68612035 | D2: 46029 | E2: 1 | F2: 46029 | G2: 3 SEMANAS | H2: 21 | I2: =IF(AND(D2<>"",H2<>""),D2+H2,"") -> 46050 | J2: =I2-TODAY() -> -254 | K2: =IF(AND(L2="",ISNUMBER(IF(Q2<>"",Q2,I2))),IF(IF(Q2<>"",Q2,I2)<TODAY(),TODAY()-IF(Q2<>"",Q2,I2),""),"") | L2: x | M2: =IF(L2<>"","Entregado",IF(NOT(ISNUMBER(IF(Q2<>"",Q2,I2))),"REVISAR TE",IF(AND(ISNUMBER(Resumen!$B$3),IF(Q2<>"",Q2,I2)<Resumen!$B$3),"REVISAR",IF(IF(Q2<>"",Q2,I2)<TODAY(),"ATRASADO",IF(IF(Q2<>"",Q2,I2)-TODAY()<=2,"POR VENCER","EN TIEMPO"))))) -> Entregado | N2: FIX-NVO-01 | P2: PV1290.pdf
A3: PV 1291 | B3: HUTCHINSON TRANSFERENCIA DE FLUIDOS MEXICO | C3: VENTANA GAGE ALUMINIO | Reposición de torre y ventana NP 86793804 | D3: 46029 | E3: 1 | F3: 46029 | G3: INMEDIATO | H3: 0 | I3: =IF(AND(D3<>"",H3<>""),D3+H3,"") -> 46029 | J3: =I3-TODAY() -> -275 | K3: =IF(AND(L3="",ISNUMBER(IF(Q3<>"",Q3,I3))),IF(IF(Q3<>"",Q3,I3)<TODAY(),TODAY()-IF(Q3<>"",Q3,I3),""),"") | L3: x | M3: =IF(L3<>"","Entregado",IF(NOT(ISNUMBER(IF(Q3<>"",Q3,I3))),"REVISAR TE",IF(AND(ISNUMBER(Resumen!$B$3),IF(Q3<>"",Q3,I3)<Resumen!$B$3),"REVISAR",IF(IF(Q3<>"",Q3,I3)<TODAY(),"ATRASADO",IF(IF(Q3<>"",Q3,I3)-TODAY()<=2,"POR VENCER","EN TIEMPO"))))) -> Entregado | N3: FIX-RETR-04 | P3: PV1291.pdf
A4: PV 1292 | C4: MANDRIL CON TAPAS | MANDRIL 310042712 17-4PH ENDURECIDO | D4: 46029 | E4: 22 | F4: 46029 | G4: 3 A 4 SEMANAS | H4: 28 | I4: =IF(AND(D4<>"",H4<>""),D4+H4,"") -> 46057 | J4: =I4-TODAY() -> -247 | K4: =IF(AND(L4="",ISNUMBER(IF(Q4<>"",Q4,I4))),IF(IF(Q4<>"",Q4,I4)<TODAY(),TODAY()-IF(Q4<>"",Q4,I4),""),"") | L4: x | M4: =IF(L4<>"","Entregado",IF(NOT(ISNUMBER(IF(Q4<>"",Q4,I4))),"REVISAR TE",IF(AND(ISNUMBER(Resumen!$B$3),IF(Q4<>"",Q4,I4)<Resumen!$B$3),"REVISAR",IF(IF(Q4<>"",Q4,I4)<TODAY(),"ATRASADO",IF(IF(Q4<>"",Q4,I4)-TODAY()<=2,"POR VENCER","EN TIEMPO"))))) -> Entregado | N4: MAN-NVO-01 | P4: PV1292.pdf
A5: PV 1293 | B5: GRUPO AMERICAN INDUSTRIES | C5: MANDRIL SIN TAPAS | 18-715A | D5: 46031 | E5: 15 | F5: 46031 | G5: 3 SEMANAS | H5: 21 | I5: =IF(AND(D5<>"",H5<>""),D5+H5,"") -> 46052 | J5: =I5-TODAY() -> -252 | K5: =IF(AND(L5="",ISNUMBER(IF(Q5<>"",Q5,I5))),IF(IF(Q5<>"",Q5,I5)<TODAY(),TODAY()-IF(Q5<>"",Q5,I5),""),"") | L5: x | M5: =IF(L5<>"","Entregado",IF(NOT(ISNUMBER(IF(Q5<>"",Q5,I5))),"REVISAR TE",IF(AND(ISNUMBER(Resumen!$B$3),IF(Q5<>"",Q5,I5)<Resumen!$B$3),"REVISAR",IF(IF(Q5<>"",Q5,I5)<TODAY(),"ATRASADO",IF(IF(Q5<>"",Q5,I5)-TODAY()<=2,"POR VENCER","EN TIEMPO"))))) -> Entregado | N5: MAN-NVO-02 | P5: PV1293.pdf
A6: PV 1293 | B6: GRUPO AMERICAN INDUSTRIES | C6: MANDRIL SIN TAPAS | 18-716A | D6: 46031 | E6: 10 | F6: 46031 | G6: 3 SEMANAS | H6: 21 | I6: =IF(AND(D6<>"",H6<>""),D6+H6,"") -> 46052 | J6: =I6-TODAY() -> -252 | K6: =IF(AND(L6="",ISNUMBER(IF(Q6<>"",Q6,I6))),IF(IF(Q6<>"",Q6,I6)<TODAY(),TODAY()-IF(Q6<>"",Q6,I6),""),"") | L6: x | M6: =IF(L6<>"","Entregado",IF(NOT(ISNUMBER(IF(Q6<>"",Q6,I6))),"REVISAR TE",IF(AND(ISNUMBER(Resumen!$B$3),IF(Q6<>"",Q6,I6)<Resumen!$B$3),"REVISAR",IF(IF(Q6<>"",Q6,I6)<TODAY(),"ATRASADO",IF(IF(Q6<>"",Q6,I6)-TODAY()<=2,"POR VENCER","EN TIEMPO"))))) -> Entregado | N6: MAN-NVO-02 | P6: PV1293.pdf
A7: PV 1294 | B7: TOYODA GOSEI RUBBER MEXICO | C7: MANDRIL CON TAPAS | G90A5-0E020 MANDREL | D7: 46031 | E7: 4 | F7: 46031 | G7: 5 SEMANAS | H7: 35 | I7: =IF(AND(D7<>"",H7<>""),D7+H7,"") -> 46066 | J7: =I7-TODAY() -> -238 | K7: =IF(AND(L7="",ISNUMBER(IF(Q7<>"",Q7,I7))),IF(IF(Q7<>"",Q7,I7)<TODAY(),TODAY()-IF(Q7<>"",Q7,I7),""),"") | L7: x | M7: =IF(L7<>"","Entregado",IF(NOT(ISNUMBER(IF(Q7<>"",Q7,I7))),"REVISAR TE",IF(AND(ISNUMBER(Resumen!$B$3),IF(Q7<>"",Q7,I7)<Resumen!$B$3),"REVISAR",IF(IF(Q7<>"",Q7,I7)<TODAY(),"ATRASADO",IF(IF(Q7<>"",Q7,I7)-TODAY()<=2,"POR VENCER","EN TIEMPO"))))) -> Entregado | N7: MAN-NVO-01 | P7: PV1294.pdf
A8: PV 1294 | B8: TOYODA GOSEI RUBBER MEXICO | C8: MANDRIL CON TAPAS | G90AB-0E010 MANDREL | D8: 46031 | E8: 4 | F8: 46031 | G8: 5 SEMANAS | H8: 35 | I8: =IF(AND(D8<>"",H8<>""),D8+H8,"") -> 46066 | J8: =I8-TODAY() -> -238 | K8: =IF(AND(L8="",ISNUMBER(IF(Q8<>"",Q8,I8))),IF(IF(Q8<>"",Q8,I8)<TODAY(),TODAY()-IF(Q8<>"",Q8,I8),""),"") | L8: x | M8: =IF(L8<>"","Entregado",IF(NOT(ISNUMBER(IF(Q8<>"",Q8,I8))),"REVISAR TE",IF(AND(ISNUMBER(Resumen!$B$3),IF(Q8<>"",Q8,I8)<Resumen!$B$3),"REVISAR",IF(IF(Q8<>"",Q8,I8)<TODAY(),"ATRASADO",IF(IF(Q8<>"",Q8,I8)-TODAY()<=2,"POR VENCER","EN TIEMPO"))))) -> Entregado | N8: MAN-NVO-01 | P8: PV1294.pdf
A9: PV 1294 | B9: TOYODA GOSEI RUBBER MEXICO | C9: MANDRIL CON TAPAS | 870B8-0E010 MANDREL HOSE 1 | D9: 46031 | E9: 4 | F9: 46031 | G9: 5 SEMANAS | H9: 35 | I9: =IF(AND(D9<>"",H9<>""),D9+H9,"") -> 46066 | J9: =I9-TODAY() -> -238 | K9: =IF(AND(L9="",ISNUMBER(IF(Q9<>"",Q9,I9))),IF(IF(Q9<>"",Q9,I9)<TODAY(),TODAY()-IF(Q9<>"",Q9,I9),""),"") | L9: x | M9: =IF(L9<>"","Entregado",IF(NOT(ISNUMBER(IF(Q9<>"",Q9,I9))),"REVISAR TE",IF(AND(ISNUMBER(Resumen!$B$3),IF(Q9<>"",Q9,I9)<Resumen!$B$3),"REVISAR",IF(IF(Q9<>"",Q9,I9)<TODAY(),"ATRASADO",IF(IF(Q9<>"",Q9,I9)-TODAY()<=2,"POR VENCER","EN TIEMPO"))))) -> Entregado | N9: MAN-NVO-01 | P9: PV1294.pdf
A10: PV 1294 | B10: TOYODA GOSEI RUBBER MEXICO | C10: MANDRIL CON TAPAS | 870B8-0E010 MANDREL HOSE 2 | D10: 46031 | E10: 4 | F10: 46031 | G10: 5 SEMANAS | H10: 35 | I10: =IF(AND(D10<>"",H10<>""),D10+H10,"") -> 46066 | J10: =I10-TODAY() -> -238 | K10: =IF(AND(L10="",ISNUMBER(IF(Q10<>"",Q10,I10))),IF(IF(Q10<>"",Q10,I10)<TODAY(),TODAY()-IF(Q10<>"",Q10,I10),""),"") | L10: x | M10: =IF(L10<>"","Entregado",IF(NOT(ISNUMBER(IF(Q10<>"",Q10,I10))),"REVISAR TE",IF(AND(ISNUMBER(Resumen!$B$3),IF(Q10<>"",Q10,I10)<Resumen!$B$3),"REVISAR",IF(IF(Q10<>"",Q10,I10)<TODAY(),"ATRASADO",IF(IF(Q10<>"",Q10,I10)-TODAY()<=2,"POR VENCER","EN TIEMPO"))))) -> Entregado | N10: MAN-NVO-01 | P10: PV1294.pdf
A11: PV 1294 | B11: TOYODA GOSEI RUBBER MEXICO | C11: MANDRIL CON TAPAS | 870B8-0E010 MANDREL HOSE 3 | D11: 46031 | E11: 4 | F11: 46031 | G11: 5 SEMANAS | H11: 35 | I11: =IF(AND(D11<>"",H11<>""),D11+H11,"") -> 46066 | J11: =I11-TODAY() -> -238 | K11: =IF(AND(L11="",ISNUMBER(IF(Q11<>"",Q11,I11))),IF(IF(Q11<>"",Q11,I11)<TODAY(),TODAY()-IF(Q11<>"",Q11,I11),""),"") | L11: x | M11: =IF(L11<>"","Entregado",IF(NOT(ISNUMBER(IF(Q11<>"",Q11,I11))),"REVISAR TE",IF(AND(ISNUMBER(Resumen!$B$3),IF(Q11<>"",Q11,I11)<Resumen!$B$3),"REVISAR",IF(IF(Q11<>"",Q11,I11)<TODAY(),"ATRASADO",IF(IF(Q11<>"",Q11,I11)-TODAY()<=2,"POR VENCER","EN TIEMPO"))))) -> Entregado | N11: MAN-NVO-01 | P11: PV1294.pdf
A12: PV 1294 | B12: TOYODA GOSEI RUBBER MEXICO | C12: MANDRIL CON TAPAS | G90AA-0E010 MANDREL HOSE 1 | D12: 46031 | E12: 4 | F12: 46031 | G12: 5 SEMANAS | H12: 35 | I12: =IF(AND(D12<>"",H12<>""),D12+H12,"") -> 46066 | J12: =I12-TODAY() -> -238 | K12: =IF(AND(L12="",ISNUMBER(IF(Q12<>"",Q12,I12))),IF(IF(Q12<>"",Q12,I12)<TODAY(),TODAY()-IF(Q12<>"",Q12,I12),""),"") | L12: x | M12: =IF(L12<>"","Entregado",IF(NOT(ISNUMBER(IF(Q12<>"",Q12,I12))),"REVISAR TE",IF(AND(ISNUMBER(Resumen!$B$3),IF(Q12<>"",Q12,I12)<Resumen!$B$3),"REVISAR",IF(IF(Q12<>"",Q12,I12)<TODAY(),"ATRASADO",IF(IF(Q12<>"",Q12,I12)-TODAY()<=2,"POR VENCER","EN TIEMPO"))))) -> Entregado | N12: MAN-NVO-01 | P12: PV1294.pdf
A13: PV 1294 | B13: TOYODA GOSEI RUBBER MEXICO | C13: MANDRIL CON TAPAS | G90AA-0E010 MANDREL HOSE 2 | D13: 46031 | E13: 4 | F13: 46031 | G13: 5 SEMANAS | H13: 35 | I13: =IF(AND(D13<>"",H13<>""),D13+H13,"") -> 46066 | J13: =I13-TODAY() -> -238 | K13: =IF(AND(L13="",ISNUMBER(IF(Q13<>"",Q13,I13))),IF(IF(Q13<>"",Q13,I13)<TODAY(),TODAY()-IF(Q13<>"",Q13,I13),""),"") | L13: x | M13: =IF(L13<>"","Entregado",IF(NOT(ISNUMBER(IF(Q13<>"",Q13,I13))),"REVISAR TE",IF(AND(ISNUMBER(Resumen!$B$3),IF(Q13<>"",Q13,I13)<Resumen!$B$3),"REVISAR",IF(IF(Q13<>"",Q13,I13)<TODAY(),"ATRASADO",IF(IF(Q13<>"",Q13,I13)-TODAY()<=2,"POR VENCER","EN TIEMPO"))))) -> Entregado | N13: MAN-NVO-01 | P13: PV1294.pdf
A14: PV 1294 | B14: TOYODA GOSEI RUBBER MEXICO | C14: MANDRIL CON TAPAS | 870B2-0E010 MANDREL HOSE 1 | D14: 46031 | E14: 4 | F14: 46031 | G14: 5 SEMANAS | H14: 35 | I14: =IF(AND(D14<>"",H14<>""),D14+H14,"") -> 46066 | J14: =I14-TODAY() -> -238 | K14: =IF(AND(L14="",ISNUMBER(IF(Q14<>"",Q14,I14))),IF(IF(Q14<>"",Q14,I14)<TODAY(),TODAY()-IF(Q14<>"",Q14,I14),""),"") | L14: x | M14: =IF(L14<>"","Entregado",IF(NOT(ISNUMBER(IF(Q14<>"",Q14,I14))),"REVISAR TE",IF(AND(ISNUMBER(Resumen!$B$3),IF(Q14<>"",Q14,I14)<Resumen!$B$3),"REVISAR",IF(IF(Q14<>"",Q14,I14)<TODAY(),"ATRASADO",IF(IF(Q14<>"",Q14,I14)-TODAY()<=2,"POR VENCER","EN TIEMPO"))))) -> Entregado | N14: MAN-NVO-01 | P14: PV1294.pdf
A15: PV 1294 | B15: TOYODA GOSEI RUBBER MEXICO | C15: MANDRIL CON TAPAS | 870B2-0E010 MANDREL HOSE 2 | D15: 46031 | E15: 4 | F15: 46031 | G15: 5 SEMANAS | H15: 35 | I15: =IF(AND(D15<>"",H15<>""),D15+H15,"") -> 46066 | J15: =I15-TODAY() -> -238 | K15: =IF(AND(L15="",ISNUMBER(IF(Q15<>"",Q15,I15))),IF(IF(Q15<>"",Q15,I15)<TODAY(),TODAY()-IF(Q15<>"",Q15,I15),""),"") | L15: x | M15: =IF(L15<>"","Entregado",IF(NOT(ISNUMBER(IF(Q15<>"",Q15,I15))),"REVISAR TE",IF(AND(ISNUMBER(Resumen!$B$3),IF(Q15<>"",Q15,I15)<Resumen!$B$3),"REVISAR",IF(IF(Q15<>"",Q15,I15)<TODAY(),"ATRASADO",IF(IF(Q15<>"",Q15,I15)-TODAY()<=2,"POR VENCER","EN TIEMPO"))))) -> Entregado | N15: MAN-NVO-01 | P15: PV1294.pdf
A16: PV 1294 | B16: TOYODA GOSEI RUBBER MEXICO | C16: MANDRIL CON TAPAS | 870B5-0E010 MANDREL HOSE 1 | D16: 46031 | E16: 4 | F16: 46031 | G16: 5 SEMANAS | H16: 35 | I16: =IF(AND(D16<>"",H16<>""),D16+H16,"") -> 46066 | J16: =I16-TODAY() -> -238 | K16: =IF(AND(L16="",ISNUMBER(IF(Q16<>"",Q16,I16))),IF(IF(Q16<>"",Q16,I16)<TODAY(),TODAY()-IF(Q16<>"",Q16,I16),""),"") | L16: x | M16: =IF(L16<>"","Entregado",IF(NOT(ISNUMBER(IF(Q16<>"",Q16,I16))),"REVISAR TE",IF(AND(ISNUMBER(Resumen!$B$3),IF(Q16<>"",Q16,I16)<Resumen!$B$3),"REVISAR",IF(IF(Q16<>"",Q16,I16)<TODAY(),"ATRASADO",IF(IF(Q16<>"",Q16,I16)-TODAY()<=2,"POR VENCER","EN TIEMPO"))))) -> Entregado | N16: MAN-NVO-01 | P16: PV1294.pdf
... A42: PV 1301 | B42: TOYODA GOSEI RUBBER MEXICO | C42: MANDRIL CON TAPAS | MANDRIL GH699-90830 | D42: 46038 | E42: 16 | F42: 46038 | G42: 2 A 3 SEMANAS | H42: 21 | I42: =IF(AND(D42<>"",H42<>""),D42+H42,"") -> 46059 | J42: =I42-TODAY() -> -245 | K42: =IF(AND(L42="",ISNUMBER(IF(Q42<>"",Q42,I42))),IF(IF(Q42<>"",Q42,I42)<TODAY(),TODAY()-IF(Q42<>"",Q42,I42),""),"") | L42: x | M42: =IF(L42<>"","Entregado",IF(NOT(ISNUMBER(IF(Q42<>"",Q42,I42))),"REVISAR TE",IF(AND(ISNUMBER(Resumen!$B$3),IF(Q42<>"",Q42,I42)<Resumen!$B$3),"REVISAR",IF(IF(Q42<>"",Q42,I42)<TODAY(),"ATRASADO",IF(IF(Q42<>"",Q42,I42)-TODAY()<=2,"POR VENCER","EN TIEMPO"))))) -> Entregado | N42: MAN-NVO-01 | P42: PV1301.pdf
A43: PV 1302 | C43: MANDRIL SIN TAPAS | MANDRIL NP LC34-8N029-CE (310044714) ENDURECIDO | D43: 46038 | E43: 71 | F43: 46038 | G43: 3 SEMANAS | H43: 21 | I43: =IF(AND(D43<>"",H43<>""),D43+H43,"") -> 46059 | J43: =I43-TODAY() -> -245 | K43: =IF(AND(L43="",ISNUMBER(IF(Q43<>"",Q43,I43))),IF(IF(Q43<>"",Q43,I43)<TODAY(),TODAY()-IF(Q43<>"",Q43,I43),""),"") | L43: x | M43: =IF(L43<>"","Entregado",IF(NOT(ISNUMBER(IF(Q43<>"",Q43,I43))),"REVISAR TE",IF(AND(ISNUMBER(Resumen!$B$3),IF(Q43<>"",Q43,I43)<Resumen!$B$3),"REVISAR",IF(IF(Q43<>"",Q43,I43)<TODAY(),"ATRASADO",IF(IF(Q43<>"",Q43,I43)-TODAY()<=2,"POR VENCER","EN TIEMPO"))))) -> Entregado | N43: MAN-NVO-02 | P43: PV1302.pdf
A44: PV 1303 | B44: HUTCHINSON TRANSFERENCIA DE FLUIDOS MEXICO | C44: RETRABAJO DE FIXTURA DE ALUMINIO | Cambio de ingenieria para el NP 68612040AD TUBE 1 | D44: 46038 | E44: 1 | F44: 46038 | G44: 3 SEMANAS | H44: 21 | I44: =IF(AND(D44<>"",H44<>""),D44+H44,"") -> 46059 | J44: =I44-TODAY() -> -245 | K44: =IF(AND(L44="",ISNUMBER(IF(Q44<>"",Q44,I44))),IF(IF(Q44<>"",Q44,I44)<TODAY(),TODAY()-IF(Q44<>"",Q44,I44),""),"") | L44: x | M44: =IF(L44<>"","Entregado",IF(NOT(ISNUMBER(IF(Q44<>"",Q44,I44))),"REVISAR TE",IF(AND(ISNUMBER(Resumen!$B$3),IF(Q44<>"",Q44,I44)<Resumen!$B$3),"REVISAR",IF(IF(Q44<>"",Q44,I44)<TODAY(),"ATRASADO",IF(IF(Q44<>"",Q44,I44)-TODAY()<=2,"POR VENCER","EN TIEMPO"))))) -> Entregado | N44: FIX-RETR-08 | P44: PV1303.pdf
A45: PV 1303 | B45: HUTCHINSON TRANSFERENCIA DE FLUIDOS MEXICO | C45: RETRABAJO DE FIXTURA DE ALUMINIO | Cambio de ingenieria para el NP 68612040AD TUBE 2 | D45: 46038 | E45: 1 | F45: 46038 | G45: 3 SEMANAS | H45: 21 | I45: =IF(AND(D45<>"",H45<>""),D45+H45,"") -> 46059 | J45: =I45-TODAY() -> -245 | K45: =IF(AND(L45="",ISNUMBER(IF(Q45<>"",Q45,I45))),IF(IF(Q45<>"",Q45,I45)<TODAY(),TODAY()-IF(Q45<>"",Q45,I45),""),"") | L45: x | M45: =IF(L45<>"","Entregado",IF(NOT(ISNUMBER(IF(Q45<>"",Q45,I45))),"REVISAR TE",IF(AND(ISNUMBER(Resumen!$B$3),IF(Q45<>"",Q45,I45)<Resumen!$B$3),"REVISAR",IF(IF(Q45<>"",Q45,I45)<TODAY(),"ATRASADO",IF(IF(Q45<>"",Q45,I45)-TODAY()<=2,"POR VENCER","EN TIEMPO"))))) -> Entregado | N45: FIX-RETR-08 | P45: PV1303.pdf
A46: PV 1303 | B46: HUTCHINSON TRANSFERENCIA DE FLUIDOS MEXICO | C46: RETRABAJO DE FIXTURA DE ALUMINIO | Cambio de ingenieria para el NP 68612040AD TUBO RECTO | D46: 46038 | E46: 1 | F46: 46038 | G46: 3 SEMANAS | H46: 21 | I46: =IF(AND(D46<>"",H46<>""),D46+H46,"") -> 46059 | J46: =I46-TODAY() -> -245 | K46: =IF(AND(L46="",ISNUMBER(IF(Q46<>"",Q46,I46))),IF(IF(Q46<>"",Q46,I46)<TODAY(),TODAY()-IF(Q46<>"",Q46,I46),""),"") | L46: x | M46: =IF(L46<>"","Entregado",IF(NOT(ISNUMBER(IF(Q46<>"",Q46,I46))),"REVISAR TE",IF(AND(ISNUMBER(Resumen!$B$3),IF(Q46<>"",Q46,I46)<Resumen!$B$3),"REVISAR",IF(IF(Q46<>"",Q46,I46)<TODAY(),"ATRASADO",IF(IF(Q46<>"",Q46,I46)-TODAY()<=2,"POR VENCER","EN TIEMPO"))))) -> Entregado | N46: FIX-RETR-08 | P46: PV1303.pdf
A47: PV 1305 | B47: TRISTONE FLOWTECH MEXICO | C47: MANDRIL CON TAPAS | Mandril 53041769 TEMPLADO | D47: 46042 | E47: 1 | F47: 46042 | G47: 1 SEMANA | H47: 7 | I47: =IF(AND(D47<>"",H47<>""),D47+H47,"") -> 46049 | J47: =I47-TODAY() -> -255 | K47: =IF(AND(L47="",ISNUMBER(IF(Q47<>"",Q47,I47))),IF(IF(Q47<>"",Q47,I47)<TODAY(),TODAY()-IF(Q47<>"",Q47,I47),""),"") | L47: x | M47: =IF(L47<>"","Entregado",IF(NOT(ISNUMBER(IF(Q47<>"",Q47,I47))),"REVISAR TE",IF(AND(ISNUMBER(Resumen!$B$3),IF(Q47<>"",Q47,I47)<Resumen!$B$3),"REVISAR",IF(IF(Q47<>"",Q47,I47)<TODAY(),"ATRASADO",IF(IF(Q47<>"",Q47,I47)-TODAY()<=2,"POR VENCER","EN TIEMPO"))))) -> Entregado | N47: MAN-NVO-01 | P47: PV1305.pdf
A48: PV 1305 | B48: TRISTONE FLOWTECH MEXICO | C48: SERVICIO TEMPLE | LOTE DE TRATAMIENTO TERMICO | D48: 46042 | E48: 1 | F48: 46042 | G48: 1 SEMANA | H48: 7 | I48: =IF(AND(D48<>"",H48<>""),D48+H48,"") -> 46049 | J48: =I48-TODAY() -> -255 | K48: =IF(AND(L48="",ISNUMBER(IF(Q48<>"",Q48,I48))),IF(IF(Q48<>"",Q48,I48)<TODAY(),TODAY()-IF(Q48<>"",Q48,I48),""),"") | L48: x | M48: =IF(L48<>"","Entregado",IF(NOT(ISNUMBER(IF(Q48<>"",Q48,I48))),"REVISAR TE",IF(AND(ISNUMBER(Resumen!$B$3),IF(Q48<>"",Q48,I48)<Resumen!$B$3),"REVISAR",IF(IF(Q48<>"",Q48,I48)<TODAY(),"ATRASADO",IF(IF(Q48<>"",Q48,I48)-TODAY()<=2,"POR VENCER","EN TIEMPO"))))) -> Entregado | N48: SERV-TEMP-01 | P48: PV1305.pdf
A49: PV 1306 | B49: AKWEL ORIZABA MEXICO | C49: MANDRIL SIN TAPAS | MANDRIL P6016637A00 SS 17-4PH | D49: 46043 | E49: 3 | F49: 46043 | G49: 3 SEMANAS | H49: 21 | I49: =IF(AND(D49<>"",H49<>""),D49+H49,"") -> 46064 | J49: =I49-TODAY() -> -240 | K49: =IF(AND(L49="",ISNUMBER(IF(Q49<>"",Q49,I49))),IF(IF(Q49<>"",Q49,I49)<TODAY(),TODAY()-IF(Q49<>"",Q49,I49),""),"") | L49: x | M49: =IF(L49<>"","Entregado",IF(NOT(ISNUMBER(IF(Q49<>"",Q49,I49))),"REVISAR TE",IF(AND(ISNUMBER(Resumen!$B$3),IF(Q49<>"",Q49,I49)<Resumen!$B$3),"REVISAR",IF(IF(Q49<>"",Q49,I49)<TODAY(),"ATRASADO",IF(IF(Q49<>"",Q49,I49)-TODAY()<=2,"POR VENCER","EN TIEMPO"))))) -> Entregado | N49: MAN-NVO-02 | P49: PV1306.pdf
A50: PV 1307 | B50: AKWEL ORIZABA MEXICO | C50: MANDRIL SIN TAPAS | MANDRIL P6015721A00 | D50: 46043 | E50: 4 | F50: 46043 | G50: 2 SEMANAS | H50: 14 | I50: =IF(AND(D50<>"",H50<>""),D50+H50,"") -> 46057 | J50: =I50-TODAY() -> -247 | K50: =IF(AND(L50="",ISNUMBER(IF(Q50<>"",Q50,I50))),IF(IF(Q50<>"",Q50,I50)<TODAY(),TODAY()-IF(Q50<>"",Q50,I50),""),"") | L50: x | M50: =IF(L50<>"","Entregado",IF(NOT(ISNUMBER(IF(Q50<>"",Q50,I50))),"REVISAR TE",IF(AND(ISNUMBER(Resumen!$B$3),IF(Q50<>"",Q50,I50)<Resumen!$B$3),"REVISAR",IF(IF(Q50<>"",Q50,I50)<TODAY(),"ATRASADO",IF(IF(Q50<>"",Q50,I50)-TODAY()<=2,"POR VENCER","EN TIEMPO"))))) -> Entregado | N50: MAN-NVO-02 | P50: PV1307.pdf
A51: PV 1308 | B51: AKWEL ORIZABA MEXICO | C51: MANDRIL SIN TAPAS | MANDRIL P6017689A00 SS 17-4PH | D51: 46044 | E51: 8 | F51: 46044 | G51: 4 SEMANAS | H51: 28 | I51: =IF(AND(D51<>"",H51<>""),D51+H51,"") -> 46072 | J51: =I51-TODAY() -> -232 | K51: =IF(AND(L51="",ISNUMBER(IF(Q51<>"",Q51,I51))),IF(IF(Q51<>"",Q51,I51)<TODAY(),TODAY()-IF(Q51<>"",Q51,I51),""),"") | L51: x | M51: =IF(L51<>"","Entregado",IF(NOT(ISNUMBER(IF(Q51<>"",Q51,I51))),"REVISAR TE",IF(AND(ISNUMBER(Resumen!$B$3),IF(Q51<>"",Q51,I51)<Resumen!$B$3),"REVISAR",IF(IF(Q51<>"",Q51,I51)<TODAY(),"ATRASADO",IF(IF(Q51<>"",Q51,I51)-TODAY()<=2,"POR VENCER","EN TIEMPO"))))) -> Entregado | N51: MAN-NVO-02 | P51: PV1308.pdf
A52: PV 1309 | B52: AKWEL ORIZABA MEXICO | C52: MANDRIL CON TAPAS | MANDRIL M-86357015-A SS 17-4PH | D52: 46050 | E52: 48 | F52: 46050 | G52: 3 A 5 SEMANAS | H52: 35 | I52: =IF(AND(D52<>"",H52<>""),D52+H52,"") -> 46085 | J52: =I52-TODAY() -> -219 | K52: =IF(AND(L52="",ISNUMBER(IF(Q52<>"",Q52,I52))),IF(IF(Q52<>"",Q52,I52)<TODAY(),TODAY()-IF(Q52<>"",Q52,I52),""),"") | L52: x | M52: =IF(L52<>"","Entregado",IF(NOT(ISNUMBER(IF(Q52<>"",Q52,I52))),"REVISAR TE",IF(AND(ISNUMBER(Resumen!$B$3),IF(Q52<>"",Q52,I52)<Resumen!$B$3),"REVISAR",IF(IF(Q52<>"",Q52,I52)<TODAY(),"ATRASADO",IF(IF(Q52<>"",Q52,I52)-TODAY()<=2,"POR VENCER","EN TIEMPO"))))) -> Entregado | N52: MAN-NVO-01 | P52: PV1309.pdf
A53: PV 1309 | B53: AKWEL ORIZABA MEXICO | C53: MANDRIL CON TAPAS | MANDRIL M-86357015-B SS 17-4PH | D53: 46050 | E53: 48 | F53: 46050 | G53: 3 A 5 SEMANAS | H53: 35 | I53: =IF(AND(D53<>"",H53<>""),D53+H53,"") -> 46085 | J53: =I53-TODAY() -> -219 | K53: =IF(AND(L53="",ISNUMBER(IF(Q53<>"",Q53,I53))),IF(IF(Q53<>"",Q53,I53)<TODAY(),TODAY()-IF(Q53<>"",Q53,I53),""),"") | L53: x | M53: =IF(L53<>"","Entregado",IF(NOT(ISNUMBER(IF(Q53<>"",Q53,I53))),"REVISAR TE",IF(AND(ISNUMBER(Resumen!$B$3),IF(Q53<>"",Q53,I53)<Resumen!$B$3),"REVISAR",IF(IF(Q53<>"",Q53,I53)<TODAY(),"ATRASADO",IF(IF(Q53<>"",Q53,I53)-TODAY()<=2,"POR VENCER","EN TIEMPO"))))) -> Entregado | N53: MAN-NVO-01 | P53: PV1309.pdf
A54: PV 1311 | B54: TI AUTOMOTIVE REYNOSA | C54: FIXTURA INSPECCION ALUMINIO | BD GAUGE P21-M60109-00 Tubo A PARA BRAZER | D54: 46056 | E54: 1 | F54: 46056 | G54: 4 A 5 SEMANAS | H54: 35 | I54: =IF(AND(D54<>"",H54<>""),D54+H54,"") -> 46091 | J54: =I54-TODAY() -> -213 | K54: =IF(AND(L54="",ISNUMBER(IF(Q54<>"",Q54,I54))),IF(IF(Q54<>"",Q54,I54)<TODAY(),TODAY()-IF(Q54<>"",Q54,I54),""),"") | L54: x | M54: =IF(L54<>"","Entregado",IF(NOT(ISNUMBER(IF(Q54<>"",Q54,I54))),"REVISAR TE",IF(AND(ISNUMBER(Resumen!$B$3),IF(Q54<>"",Q54,I54)<Resumen!$B$3),"REVISAR",IF(IF(Q54<>"",Q54,I54)<TODAY(),"ATRASADO",IF(IF(Q54<>"",Q54,I54)-TODAY()<=2,"POR VENCER","EN TIEMPO"))))) -> Entregado | N54: FIX-NVO-01 | P54: PV1311.pdf
A55: PV 1312 | B55: TRISTONE FLOWTECH MEXICO | C55: MANDRIL | Marca de ensamblaje mandril 5304916 lado boss | D55: 46057 | E55: 44 | F55: 46057 | G55: 10 DÍAS | H55: 10 | I55: =IF(AND(D55<>"",H55<>""),D55+H55,"") -> 46067 | J55: =I55-TODAY() -> -237 | K55: =IF(AND(L55="",ISNUMBER(IF(Q55<>"",Q55,I55))),IF(IF(Q55<>"",Q55,I55)<TODAY(),TODAY()-IF(Q55<>"",Q55,I55),""),"") | L55: x | M55: =IF(L55<>"","Entregado",IF(NOT(ISNUMBER(IF(Q55<>"",Q55,I55))),"REVISAR TE",IF(AND(ISNUMBER(Resumen!$B$3),IF(Q55<>"",Q55,I55)<Resumen!$B$3),"REVISAR",IF(IF(Q55<>"",Q55,I55)<TODAY(),"ATRASADO",IF(IF(Q55<>"",Q55,I55)-TODAY()<=2,"POR VENCER","EN TIEMPO"))))) -> Entregado | N55: MAN-RETR-06 | P55: PV1312.pdf
... A63: PV 1316 | B63: AKWEL ORIZABA MEXICO | C63: SERVICIO DE ENVIO | SERVICIO DE EXPEDITDO GAUGE NP 85046133 (NEW 86357014) | D63: 46062 | E63: 1 | F63: 46062 | G63: 2 A 3 SEMANAS | H63: 21 | I63: =IF(AND(D63<>"",H63<>""),D63+H63,"") -> 46083 | J63: =I63-TODAY() -> -221 | K63: =IF(AND(L63="",ISNUMBER(IF(Q63<>"",Q63,I63))),IF(IF(Q63<>"",Q63,I63)<TODAY(),TODAY()-IF(Q63<>"",Q63,I63),""),"") | L63: x | M63: =IF(L63<>"","Entregado",IF(NOT(ISNUMBER(IF(Q63<>"",Q63,I63))),"REVISAR TE",IF(AND(ISNUMBER(Resumen!$B$3),IF(Q63<>"",Q63,I63)<Resumen!$B$3),"REVISAR",IF(IF(Q63<>"",Q63,I63)<TODAY(),"ATRASADO",IF(IF(Q63<>"",Q63,I63)-TODAY()<=2,"POR VENCER","EN TIEMPO"))))) -> Entregado | N63: SERV-ENV-01 | P63: PV1316.pdf
A64: PV 1318 | C64: MANDRIL CON TAPAS | MANDREL 310046868A | D64: 46064 | E64: 32 | F64: 46064 | G64: 4 A 5 SEMANAS | H64: 35 | I64: =IF(AND(D64<>"",H64<>""),D64+H64,"") -> 46099 | J64: =I64-TODAY() -> -205 | K64: =IF(AND(L64="",ISNUMBER(IF(Q64<>"",Q64,I64))),IF(IF(Q64<>"",Q64,I64)<TODAY(),TODAY()-IF(Q64<>"",Q64,I64),""),"") | L64: x | M64: =IF(L64<>"","Entregado",IF(NOT(ISNUMBER(IF(Q64<>"",Q64,I64))),"REVISAR TE",IF(AND(ISNUMBER(Resumen!$B$3),IF(Q64<>"",Q64,I64)<Resumen!$B$3),"REVISAR",IF(IF(Q64<>"",Q64,I64)<TODAY(),"ATRASADO",IF(IF(Q64<>"",Q64,I64)-TODAY()<=2,"POR VENCER","EN TIEMPO"))))) -> Entregado | N64: MAN-NVO-01 | P64: PV1318.pdf
A65: PV 1318 | C65: MANDRIL CON TAPAS | MANDREL 310046869A | D65: 46064 | E65: 32 | F65: 46064 | G65: 4 A 5 SEMANAS | H65: 35 | I65: =IF(AND(D65<>"",H65<>""),D65+H65,"") -> 46099 | J65: =I65-TODAY() -> -205 | K65: =IF(AND(L65="",ISNUMBER(IF(Q65<>"",Q65,I65))),IF(IF(Q65<>"",Q65,I65)<TODAY(),TODAY()-IF(Q65<>"",Q65,I65),""),"") | L65: x | M65: =IF(L65<>"","Entregado",IF(NOT(ISNUMBER(IF(Q65<>"",Q65,I65))),"REVISAR TE",IF(AND(ISNUMBER(Resumen!$B$3),IF(Q65<>"",Q65,I65)<Resumen!$B$3),"REVISAR",IF(IF(Q65<>"",Q65,I65)<TODAY(),"ATRASADO",IF(IF(Q65<>"",Q65,I65)-TODAY()<=2,"POR VENCER","EN TIEMPO"))))) -> Entregado | N65: MAN-NVO-01 | P65: PV1318.pdf
A66: PV 1318 | C66: MANDRIL CON TAPAS | MANDREL 310043947A | D66: 46064 | E66: 49 | F66: 46064 | G66: 4 A 5 SEMANAS | H66: 35 | I66: =IF(AND(D66<>"",H66<>""),D66+H66,"") -> 46099 | J66: =I66-TODAY() -> -205 | K66: =IF(AND(L66="",ISNUMBER(IF(Q66<>"",Q66,I66))),IF(IF(Q66<>"",Q66,I66)<TODAY(),TODAY()-IF(Q66<>"",Q66,I66),""),"") | L66: x | M66: =IF(L66<>"","Entregado",IF(NOT(ISNUMBER(IF(Q66<>"",Q66,I66))),"REVISAR TE",IF(AND(ISNUMBER(Resumen!$B$3),IF(Q66<>"",Q66,I66)<Resumen!$B$3),"REVISAR",IF(IF(Q66<>"",Q66,I66)<TODAY(),"ATRASADO",IF(IF(Q66<>"",Q66,I66)-TODAY()<=2,"POR VENCER","EN TIEMPO"))))) -> Entregado | N66: MAN-NVO-01 | P66: PV1318.pdf
A67: PV 1318 | C67: MANDRIL CON TAPAS | MANDREL 310043948A | D67: 46064 | E67: 49 | F67: 46064 | G67: 4 A 5 SEMANAS | H67: 35 | I67: =IF(AND(D67<>"",H67<>""),D67+H67,"") -> 46099 | J67: =I67-TODAY() -> -205 | K67: =IF(AND(L67="",ISNUMBER(IF(Q67<>"",Q67,I67))),IF(IF(Q67<>"",Q67,I67)<TODAY(),TODAY()-IF(Q67<>"",Q67,I67),""),"") | L67: x | M67: =IF(L67<>"","Entregado",IF(NOT(ISNUMBER(IF(Q67<>"",Q67,I67))),"REVISAR TE",IF(AND(ISNUMBER(Resumen!$B$3),IF(Q67<>"",Q67,I67)<Resumen!$B$3),"REVISAR",IF(IF(Q67<>"",Q67,I67)<TODAY(),"ATRASADO",IF(IF(Q67<>"",Q67,I67)-TODAY()<=2,"POR VENCER","EN TIEMPO"))))) -> Entregado | N67: MAN-NVO-01 | P67: PV1318.pdf
A68: PV 1319 | B68: TRISTONE FLOWTECH MEXICO | C68: RETRABAJO DE FIXTURA DE ALUMINIO | NUEVA VENTANA DE INSPECCIÓN DE ESTAMPADO NP 5A67548 | D68: 46064 | E68: 1 | F68: 46064 | G68: TBD | I68: =IF(AND(D68<>"",H68<>""),D68+H68,"") | J68: =I68-TODAY() -> #VALUE! | K68: =IF(AND(L68="",ISNUMBER(IF(Q68<>"",Q68,I68))),IF(IF(Q68<>"",Q68,I68)<TODAY(),TODAY()-IF(Q68<>"",Q68,I68),""),"") | L68: x | M68: =IF(L68<>"","Entregado",IF(NOT(ISNUMBER(IF(Q68<>"",Q68,I68))),"REVISAR TE",IF(AND(ISNUMBER(Resumen!$B$3),IF(Q68<>"",Q68,I68)<Resumen!$B$3),"REVISAR",IF(IF(Q68<>"",Q68,I68)<TODAY(),"ATRASADO",IF(IF(Q68<>"",Q68,I68)-TODAY()<=2,"POR VENCER","EN TIEMPO"))))) -> Entregado | N68: FIX-RETR-08 | P68: PV1319.pdf
A69: PV 1319 | B69: TRISTONE FLOWTECH MEXICO | C69: RETRABAJO DE FIXTURA DE ALUMINIO | NUEVA VENTANA DE INSPECCIÓN DE ESTAMPADO NP 5A67564 | D69: 46064 | E69: 1 | F69: 46064 | G69: TBD | I69: =IF(AND(D69<>"",H69<>""),D69+H69,"") | J69: =I69-TODAY() -> #VALUE! | K69: =IF(AND(L69="",ISNUMBER(IF(Q69<>"",Q69,I69))),IF(IF(Q69<>"",Q69,I69)<TODAY(),TODAY()-IF(Q69<>"",Q69,I69),""),"") | L69: x | M69: =IF(L69<>"","Entregado",IF(NOT(ISNUMBER(IF(Q69<>"",Q69,I69))),"REVISAR TE",IF(AND(ISNUMBER(Resumen!$B$3),IF(Q69<>"",Q69,I69)<Resumen!$B$3),"REVISAR",IF(IF(Q69<>"",Q69,I69)<TODAY(),"ATRASADO",IF(IF(Q69<>"",Q69,I69)-TODAY()<=2,"POR VENCER","EN TIEMPO"))))) -> Entregado | N69: FIX-RETR-08 | P69: PV1319.pdf
A70: PV 1319 | B70: TRISTONE FLOWTECH MEXICO | C70: RETRABAJO DE FIXTURA DE ALUMINIO | NUEVA VENTANA DE INSPECCIÓN DE ESTAMPADO NP 5A67574 | D70: 46064 | E70: 1 | F70: 46064 | G70: TBD | I70: =IF(AND(D70<>"",H70<>""),D70+H70,"") | J70: =I70-TODAY() -> #VALUE! | K70: =IF(AND(L70="",ISNUMBER(IF(Q70<>"",Q70,I70))),IF(IF(Q70<>"",Q70,I70)<TODAY(),TODAY()-IF(Q70<>"",Q70,I70),""),"") | L70: x | M70: =IF(L70<>"","Entregado",IF(NOT(ISNUMBER(IF(Q70<>"",Q70,I70))),"REVISAR TE",IF(AND(ISNUMBER(Resumen!$B$3),IF(Q70<>"",Q70,I70)<Resumen!$B$3),"REVISAR",IF(IF(Q70<>"",Q70,I70)<TODAY(),"ATRASADO",IF(IF(Q70<>"",Q70,I70)-TODAY()<=2,"POR VENCER","EN TIEMPO"))))) -> Entregado | N70: FIX-RETR-08 | P70: PV1319.pdf
A71: PV 1319 | B71: TRISTONE FLOWTECH MEXICO | C71: RETRABAJO DE FIXTURA DE ALUMINIO | NUEVA VENTANA DE INSPECCIÓN DE ESTAMPADO NP 5A67592 | D71: 46064 | E71: 1 | F71: 46064 | G71: TBD | I71: =IF(AND(D71<>"",H71<>""),D71+H71,"") | J71: =I71-TODAY() -> #VALUE! | K71: =IF(AND(L71="",ISNUMBER(IF(Q71<>"",Q71,I71))),IF(IF(Q71<>"",Q71,I71)<TODAY(),TODAY()-IF(Q71<>"",Q71,I71),""),"") | L71: x | M71: =IF(L71<>"","Entregado",IF(NOT(ISNUMBER(IF(Q71<>"",Q71,I71))),"REVISAR TE",IF(AND(ISNUMBER(Resumen!$B$3),IF(Q71<>"",Q71,I71)<Resumen!$B$3),"REVISAR",IF(IF(Q71<>"",Q71,I71)<TODAY(),"ATRASADO",IF(IF(Q71<>"",Q71,I71)-TODAY()<=2,"POR VENCER","EN TIEMPO"))))) -> Entregado | N71: FIX-RETR-08 | P71: PV1319.pdf
A72: PV 1319 | B72: TRISTONE FLOWTECH MEXICO | C72: RETRABAJO DE FIXTURA DE ALUMINIO | NUEVA VENTANA DE INSPECCIÓN DE ESTAMPADO NP 5A7FC30 | D72: 46064 | E72: 1 | F72: 46064 | G72: TBD | I72: =IF(AND(D72<>"",H72<>""),D72+H72,"") | J72: =I72-TODAY() -> #VALUE! | K72: =IF(AND(L72="",ISNUMBER(IF(Q72<>"",Q72,I72))),IF(IF(Q72<>"",Q72,I72)<TODAY(),TODAY()-IF(Q72<>"",Q72,I72),""),"") | L72: x | M72: =IF(L72<>"","Entregado",IF(NOT(ISNUMBER(IF(Q72<>"",Q72,I72))),"REVISAR TE",IF(AND(ISNUMBER(Resumen!$B$3),IF(Q72<>"",Q72,I72)<Resumen!$B$3),"REVISAR",IF(IF(Q72<>"",Q72,I72)<TODAY(),"ATRASADO",IF(IF(Q72<>"",Q72,I72)-TODAY()<=2,"POR VENCER","EN TIEMPO"))))) -> Entregado | N72: FIX-RETR-08 | P72: PV1319.pdf
A73: PV 1319 | B73: TRISTONE FLOWTECH MEXICO | C73: RETRABAJO DE FIXTURA DE ALUMINIO | NUEVA VENTANA DE INSPECCIÓN DE ESTAMPADO NP 8490603 | D73: 46064 | E73: 1 | F73: 46064 | G73: TBD | I73: =IF(AND(D73<>"",H73<>""),D73+H73,"") | J73: =I73-TODAY() -> #VALUE! | K73: =IF(AND(L73="",ISNUMBER(IF(Q73<>"",Q73,I73))),IF(IF(Q73<>"",Q73,I73)<TODAY(),TODAY()-IF(Q73<>"",Q73,I73),""),"") | L73: x | M73: =IF(L73<>"","Entregado",IF(NOT(ISNUMBER(IF(Q73<>"",Q73,I73))),"REVISAR TE",IF(AND(ISNUMBER(Resumen!$B$3),IF(Q73<>"",Q73,I73)<Resumen!$B$3),"REVISAR",IF(IF(Q73<>"",Q73,I73)<TODAY(),"ATRASADO",IF(IF(Q73<>"",Q73,I73)-TODAY()<=2,"POR VENCER","EN TIEMPO"))))) -> Entregado | N73: FIX-RETR-08 | P73: PV1319.pdf
A74: PV 1319 | B74: TRISTONE FLOWTECH MEXICO | C74: RETRABAJO DE FIXTURA DE ALUMINIO | NUEVA VENTANA DE INSPECCIÓN DE ESTAMPADO NP 5A67550 | D74: 46064 | E74: 1 | F74: 46064 | G74: TBD | I74: =IF(AND(D74<>"",H74<>""),D74+H74,"") | J74: =I74-TODAY() -> #VALUE! | K74: =IF(AND(L74="",ISNUMBER(IF(Q74<>"",Q74,I74))),IF(IF(Q74<>"",Q74,I74)<TODAY(),TODAY()-IF(Q74<>"",Q74,I74),""),"") | L74: x | M74: =IF(L74<>"","Entregado",IF(NOT(ISNUMBER(IF(Q74<>"",Q74,I74))),"REVISAR TE",IF(AND(ISNUMBER(Resumen!$B$3),IF(Q74<>"",Q74,I74)<Resumen!$B$3),"REVISAR",IF(IF(Q74<>"",Q74,I74)<TODAY(),"ATRASADO",IF(IF(Q74<>"",Q74,I74)-TODAY()<=2,"POR VENCER","EN TIEMPO"))))) -> Entregado | N74: FIX-RETR-08 | P74: PV1319.pdf
A75: PV 1319 | B75: TRISTONE FLOWTECH MEXICO | C75: RETRABAJO DE FIXTURA DE ALUMINIO | NUEVA VENTANA DE INSPECCIÓN DE ESTAMPADO NP 5A67554 | D75: 46064 | E75: 1 | F75: 46064 | G75: TBD | I75: =IF(AND(D75<>"",H75<>""),D75+H75,"") | J75: =I75-TODAY() -> #VALUE! | K75: =IF(AND(L75="",ISNUMBER(IF(Q75<>"",Q75,I75))),IF(IF(Q75<>"",Q75,I75)<TODAY(),TODAY()-IF(Q75<>"",Q75,I75),""),"") | L75: x | M75: =IF(L75<>"","Entregado",IF(NOT(ISNUMBER(IF(Q75<>"",Q75,I75))),"REVISAR TE",IF(AND(ISNUMBER(Resumen!$B$3),IF(Q75<>"",Q75,I75)<Resumen!$B$3),"REVISAR",IF(IF(Q75<>"",Q75,I75)<TODAY(),"ATRASADO",IF(IF(Q75<>"",Q75,I75)-TODAY()<=2,"POR VENCER","EN TIEMPO"))))) -> Entregado | N75: FIX-RETR-08 | P75: PV1319.pdf
A76: PV 1319 | B76: TRISTONE FLOWTECH MEXICO | C76: RETRABAJO DE FIXTURA DE ALUMINIO | NUEVA VENTANA DE INSPECCIÓN DE ESTAMPADO NP 5A67587 | D76: 46064 | E76: 1 | F76: 46064 | G76: TBD | I76: =IF(AND(D76<>"",H76<>""),D76+H76,"") | J76: =I76-TODAY() -> #VALUE! | K76: =IF(AND(L76="",ISNUMBER(IF(Q76<>"",Q76,I76))),IF(IF(Q76<>"",Q76,I76)<TODAY(),TODAY()-IF(Q76<>"",Q76,I76),""),"") | L76: x | M76: =IF(L76<>"","Entregado",IF(NOT(ISNUMBER(IF(Q76<>"",Q76,I76))),"REVISAR TE",IF(AND(ISNUMBER(Resumen!$B$3),IF(Q76<>"",Q76,I76)<Resumen!$B$3),"REVISAR",IF(IF(Q76<>"",Q76,I76)<TODAY(),"ATRASADO",IF(IF(Q76<>"",Q76,I76)-TODAY()<=2,"POR VENCER","EN TIEMPO"))))) -> Entregado | N76: FIX-RETR-08 | P76: PV1319.pdf
A77: PV 1319 | B77: TRISTONE FLOWTECH MEXICO | C77: RETRABAJO DE FIXTURA DE ALUMINIO | NUEVA VENTANA DE INSPECCIÓN DE ESTAMPADO NP 5A67577 | D77: 46064 | E77: 1 | F77: 46064 | G77: TBD | I77: =IF(AND(D77<>"",H77<>""),D77+H77,"") | J77: =I77-TODAY() -> #VALUE! | K77: =IF(AND(L77="",ISNUMBER(IF(Q77<>"",Q77,I77))),IF(IF(Q77<>"",Q77,I77)<TODAY(),TODAY()-IF(Q77<>"",Q77,I77),""),"") | L77: x | M77: =IF(L77<>"","Entregado",IF(NOT(ISNUMBER(IF(Q77<>"",Q77,I77))),"REVISAR TE",IF(AND(ISNUMBER(Resumen!$B$3),IF(Q77<>"",Q77,I77)<Resumen!$B$3),"REVISAR",IF(IF(Q77<>"",Q77,I77)<TODAY(),"ATRASADO",IF(IF(Q77<>"",Q77,I77)-TODAY()<=2,"POR VENCER","EN TIEMPO"))))) -> Entregado | N77: FIX-RETR-08 | P77: PV1319.pdf
A78: PV 1319 | B78: TRISTONE FLOWTECH MEXICO | C78: RETRABAJO DE FIXTURA DE ALUMINIO | NUEVA VENTANA DE INSPECCIÓN DE ESTAMPADO NP 5A67581 | D78: 46064 | E78: 1 | F78: 46064 | G78: TBD | I78: =IF(AND(D78<>"",H78<>""),D78+H78,"") | J78: =I78-TODAY() -> #VALUE! | K78: =IF(AND(L78="",ISNUMBER(IF(Q78<>"",Q78,I78))),IF(IF(Q78<>"",Q78,I78)<TODAY(),TODAY()-IF(Q78<>"",Q78,I78),""),"") | L78: x | M78: =IF(L78<>"","Entregado",IF(NOT(ISNUMBER(IF(Q78<>"",Q78,I78))),"REVISAR TE",IF(AND(ISNUMBER(Resumen!$B$3),IF(Q78<>"",Q78,I78)<Resumen!$B$3),"REVISAR",IF(IF(Q78<>"",Q78,I78)<TODAY(),"ATRASADO",IF(IF(Q78<>"",Q78,I78)-TODAY()<=2,"POR VENCER","EN TIEMPO"))))) -> Entregado | N78: FIX-RETR-08 | P78: PV1319.pdf
A79: PV 1319 | B79: TRISTONE FLOWTECH MEXICO | C79: RETRABAJO DE FIXTURA DE ALUMINIO | NUEVA VENTANA DE INSPECCIÓN DE ESTAMPADO NP 5A67588 | D79: 46064 | E79: 1 | F79: 46064 | G79: TBD | I79: =IF(AND(D79<>"",H79<>""),D79+H79,"") | J79: =I79-TODAY() -> #VALUE! | K79: =IF(AND(L79="",ISNUMBER(IF(Q79<>"",Q79,I79))),IF(IF(Q79<>"",Q79,I79)<TODAY(),TODAY()-IF(Q79<>"",Q79,I79),""),"") | L79: x | M79: =IF(L79<>"","Entregado",IF(NOT(ISNUMBER(IF(Q79<>"",Q79,I79))),"REVISAR TE",IF(AND(ISNUMBER(Resumen!$B$3),IF(Q79<>"",Q79,I79)<Resumen!$B$3),"REVISAR",IF(IF(Q79<>"",Q79,I79)<TODAY(),"ATRASADO",IF(IF(Q79<>"",Q79,I79)-TODAY()<=2,"POR VENCER","EN TIEMPO"))))) -> Entregado | N79: FIX-RETR-08 | P79: PV1319.pdf
... A81: PV 1319 | B81: TRISTONE FLOWTECH MEXICO | C81: RETRABAJO DE FIXTURA DE ALUMINIO | NUEVA VENTANA DE INSPECCIÓN DE ESTAMPADO NP 5A67567 | D81: 46064 | E81: 1 | F81: 46064 | G81: TBD | I81: =IF(AND(D81<>"",H81<>""),D81+H81,"") | J81: =I81-TODAY() -> #VALUE! | K81: =IF(AND(L81="",ISNUMBER(IF(Q81<>"",Q81,I81))),IF(IF(Q81<>"",Q81,I81)<TODAY(),TODAY()-IF(Q81<>"",Q81,I81),""),"") | L81: x | M81: =IF(L81<>"","Entregado",IF(NOT(ISNUMBER(IF(Q81<>"",Q81,I81))),"REVISAR TE",IF(AND(ISNUMBER(Resumen!$B$3),IF(Q81<>"",Q81,I81)<Resumen!$B$3),"REVISAR",IF(IF(Q81<>"",Q81,I81)<TODAY(),"ATRASADO",IF(IF(Q81<>"",Q81,I81)-TODAY()<=2,"POR VENCER","EN TIEMPO"))))) -> Entregado | N81: FIX-RETR-08 | P81: PV1319.pdf
A82: PV 1320 | B82: MADISEN | C82: MANDRIL SIN TAPAS | MANDRELS BKHO0825 | D82: 46065 | E82: 65 | F82: 46065 | G82: 3 A 4 SEMANAS | H82: 28 | I82: =IF(AND(D82<>"",H82<>""),D82+H82,"") -> 46093 | J82: =I82-TODAY() -> -211 | K82: =IF(AND(L82="",ISNUMBER(IF(Q82<>"",Q82,I82))),IF(IF(Q82<>"",Q82,I82)<TODAY(),TODAY()-IF(Q82<>"",Q82,I82),""),"") | L82: x | M82: =IF(L82<>"","Entregado",IF(NOT(ISNUMBER(IF(Q82<>"",Q82,I82))),"REVISAR TE",IF(AND(ISNUMBER(Resumen!$B$3),IF(Q82<>"",Q82,I82)<Resumen!$B$3),"REVISAR",IF(IF(Q82<>"",Q82,I82)<TODAY(),"ATRASADO",IF(IF(Q82<>"",Q82,I82)-TODAY()<=2,"POR VENCER","EN TIEMPO"))))) -> Entregado | N82: MAN-NVO-02 | P82: PV1320.pdf
A83: PV 1320 | B83: MADISEN | C83: FIXTURA INSPECCION RESINA | CHECKING FIXTURE BKHO0825 | D83: 46065 | E83: 1 | F83: 46065 | G83: 3 A 4 SEMANAS | H83: 28 | I83: =IF(AND(D83<>"",H83<>""),D83+H83,"") -> 46093 | J83: =I83-TODAY() -> -211 | K83: =IF(AND(L83="",ISNUMBER(IF(Q83<>"",Q83,I83))),IF(IF(Q83<>"",Q83,I83)<TODAY(),TODAY()-IF(Q83<>"",Q83,I83),""),"") | L83: x | M83: =IF(L83<>"","Entregado",IF(NOT(ISNUMBER(IF(Q83<>"",Q83,I83))),"REVISAR TE",IF(AND(ISNUMBER(Resumen!$B$3),IF(Q83<>"",Q83,I83)<Resumen!$B$3),"REVISAR",IF(IF(Q83<>"",Q83,I83)<TODAY(),"ATRASADO",IF(IF(Q83<>"",Q83,I83)-TODAY()<=2,"POR VENCER","EN TIEMPO"))))) -> Entregado | N83: FIX-NVO-02 | P83: PV1320.pdf
A84: PV 1321 | B84: TRISTONE FLOWTECH MEXICO | C84: MANDRIL CON TAPAS | Mandril 53032442 | D84: 46069 | E84: 2 | F84: 46069 | G84: 10 DÍAS | H84: 10 | I84: =IF(AND(D84<>"",H84<>""),D84+H84,"") -> 46079 | J84: =I84-TODAY() -> -225 | K84: =IF(AND(L84="",ISNUMBER(IF(Q84<>"",Q84,I84))),IF(IF(Q84<>"",Q84,I84)<TODAY(),TODAY()-IF(Q84<>"",Q84,I84),""),"") | L84: x | M84: =IF(L84<>"","Entregado",IF(NOT(ISNUMBER(IF(Q84<>"",Q84,I84))),"REVISAR TE",IF(AND(ISNUMBER(Resumen!$B$3),IF(Q84<>"",Q84,I84)<Resumen!$B$3),"REVISAR",IF(IF(Q84<>"",Q84,I84)<TODAY(),"ATRASADO",IF(IF(Q84<>"",Q84,I84)-TODAY()<=2,"POR VENCER","EN TIEMPO"))))) -> Entregado | N84: MAN-NVO-01 | P84: PV1321.pdf
A85: PV 1321 | B85: TRISTONE FLOWTECH MEXICO | C85: MANDRIL CON TAPAS | Mandril 53032443 | D85: 46069 | E85: 2 | F85: 46069 | G85: 10 DÍAS | H85: 10 | I85: =IF(AND(D85<>"",H85<>""),D85+H85,"") -> 46079 | J85: =I85-TODAY() -> -225 | K85: =IF(AND(L85="",ISNUMBER(IF(Q85<>"",Q85,I85))),IF(IF(Q85<>"",Q85,I85)<TODAY(),TODAY()-IF(Q85<>"",Q85,I85),""),"") | L85: x | M85: =IF(L85<>"","Entregado",IF(NOT(ISNUMBER(IF(Q85<>"",Q85,I85))),"REVISAR TE",IF(AND(ISNUMBER(Resumen!$B$3),IF(Q85<>"",Q85,I85)<Resumen!$B$3),"REVISAR",IF(IF(Q85<>"",Q85,I85)<TODAY(),"ATRASADO",IF(IF(Q85<>"",Q85,I85)-TODAY()<=2,"POR VENCER","EN TIEMPO"))))) -> Entregado | N85: MAN-NVO-01 | P85: PV1321.pdf
A86: PV 1322 | B86: AKWEL ORIZABA MEXICO | C86: MANDRIL CON TAPAS | MANDRIL M-18-464600 SS17-4PH | D86: 46071 | E86: 2 | F86: 46071 | G86: 6 A 7 SEMANAS | H86: 49 | I86: =IF(AND(D86<>"",H86<>""),D86+H86,"") -> 46120 | J86: =I86-TODAY() -> -184 | K86: =IF(AND(L86="",ISNUMBER(IF(Q86<>"",Q86,I86))),IF(IF(Q86<>"",Q86,I86)<TODAY(),TODAY()-IF(Q86<>"",Q86,I86),""),"") | L86: x | M86: =IF(L86<>"","Entregado",IF(NOT(ISNUMBER(IF(Q86<>"",Q86,I86))),"REVISAR TE",IF(AND(ISNUMBER(Resumen!$B$3),IF(Q86<>"",Q86,I86)<Resumen!$B$3),"REVISAR",IF(IF(Q86<>"",Q86,I86)<TODAY(),"ATRASADO",IF(IF(Q86<>"",Q86,I86)-TODAY()<=2,"POR VENCER","EN TIEMPO"))))) -> Entregado | N86: MAN-NVO-01 | P86: PV1322.pdf
A87: PV 1322 | B87: AKWEL ORIZABA MEXICO | C87: MANDRIL CON TAPAS | MANDRIL M-18-464800 SS17-4PH | D87: 46071 | E87: 2 | F87: 46071 | G87: 6 A 7 SEMANAS | H87: 49 | I87: =IF(AND(D87<>"",H87<>""),D87+H87,"") -> 46120 | J87: =I87-TODAY() -> -184 | K87: =IF(AND(L87="",ISNUMBER(IF(Q87<>"",Q87,I87))),IF(IF(Q87<>"",Q87,I87)<TODAY(),TODAY()-IF(Q87<>"",Q87,I87),""),"") | L87: x | M87: =IF(L87<>"","Entregado",IF(NOT(ISNUMBER(IF(Q87<>"",Q87,I87))),"REVISAR TE",IF(AND(ISNUMBER(Resumen!$B$3),IF(Q87<>"",Q87,I87)<Resumen!$B$3),"REVISAR",IF(IF(Q87<>"",Q87,I87)<TODAY(),"ATRASADO",IF(IF(Q87<>"",Q87,I87)-TODAY()<=2,"POR VENCER","EN TIEMPO"))))) -> Entregado | N87: MAN-NVO-01 | P87: PV1322.pdf
A88: PV 1322 | B88: AKWEL ORIZABA MEXICO | C88: MANDRIL CON TAPAS | MANDRIL M-18-465000 SS17-4PH | D88: 46071 | E88: 2 | F88: 46071 | G88: 6 A 7 SEMANAS | H88: 49 | I88: =IF(AND(D88<>"",H88<>""),D88+H88,"") -> 46120 | J88: =I88-TODAY() -> -184 | K88: =IF(AND(L88="",ISNUMBER(IF(Q88<>"",Q88,I88))),IF(IF(Q88<>"",Q88,I88)<TODAY(),TODAY()-IF(Q88<>"",Q88,I88),""),"") | L88: x | M88: =IF(L88<>"","Entregado",IF(NOT(ISNUMBER(IF(Q88<>"",Q88,I88))),"REVISAR TE",IF(AND(ISNUMBER(Resumen!$B$3),IF(Q88<>"",Q88,I88)<Resumen!$B$3),"REVISAR",IF(IF(Q88<>"",Q88,I88)<TODAY(),"ATRASADO",IF(IF(Q88<>"",Q88,I88)-TODAY()<=2,"POR VENCER","EN TIEMPO"))))) -> Entregado | N88: MAN-NVO-01 | P88: PV1322.pdf
A89: PV 1322 | B89: AKWEL ORIZABA MEXICO | C89: MANDRIL CON TAPAS | MANDRIL M-18-465100 SS17-4PH | D89: 46071 | E89: 2 | F89: 46071 | G89: 6 A 7 SEMANAS | H89: 49 | I89: =IF(AND(D89<>"",H89<>""),D89+H89,"") -> 46120 | J89: =I89-TODAY() -> -184 | K89: =IF(AND(L89="",ISNUMBER(IF(Q89<>"",Q89,I89))),IF(IF(Q89<>"",Q89,I89)<TODAY(),TODAY()-IF(Q89<>"",Q89,I89),""),"") | L89: x | M89: =IF(L89<>"","Entregado",IF(NOT(ISNUMBER(IF(Q89<>"",Q89,I89))),"REVISAR TE",IF(AND(ISNUMBER(Resumen!$B$3),IF(Q89<>"",Q89,I89)<Resumen!$B$3),"REVISAR",IF(IF(Q89<>"",Q89,I89)<TODAY(),"ATRASADO",IF(IF(Q89<>"",Q89,I89)-TODAY()<=2,"POR VENCER","EN TIEMPO"))))) -> Entregado | N89: MAN-NVO-01 | P89: PV1322.pdf
A90: PV 1323 | B90: MADISEN | C90: MANDRIL SIN TAPAS | MANDRELS FC1Z0F2SDX | D90: 46072 | E90: 4 | F90: 46072 | G90: 2 A 3 SEMANAS (CHEKING FIXTURE) | H90: 21 | I90: =IF(AND(D90<>"",H90<>""),D90+H90,"") -> 46093 | J90: =I90-TODAY() -> -211 | K90: =IF(AND(L90="",ISNUMBER(IF(Q90<>"",Q90,I90))),IF(IF(Q90<>"",Q90,I90)<TODAY(),TODAY()-IF(Q90<>"",Q90,I90),""),"") | L90: x | M90: =IF(L90<>"","Entregado",IF(NOT(ISNUMBER(IF(Q90<>"",Q90,I90))),"REVISAR TE",IF(AND(ISNUMBER(Resumen!$B$3),IF(Q90<>"",Q90,I90)<Resumen!$B$3),"REVISAR",IF(IF(Q90<>"",Q90,I90)<TODAY(),"ATRASADO",IF(IF(Q90<>"",Q90,I90)-TODAY()<=2,"POR VENCER","EN TIEMPO"))))) -> Entregado | N90: MAN-NVO-02 | P90: PV1323.pdf
A91: PV 1323 | B91: MADISEN | C91: FIXTURA INSPECCION RESINA | CHECK BOARD FC1Z0F2SDX | D91: 46072 | E91: 1 | F91: 46072 | G91: 2 A 3 SEMANAS (CHEKING FIXTURE) | H91: 21 | I91: =IF(AND(D91<>"",H91<>""),D91+H91,"") -> 46093 | J91: =I91-TODAY() -> -211 | K91: =IF(AND(L91="",ISNUMBER(IF(Q91<>"",Q91,I91))),IF(IF(Q91<>"",Q91,I91)<TODAY(),TODAY()-IF(Q91<>"",Q91,I91),""),"") | L91: x | M91: =IF(L91<>"","Entregado",IF(NOT(ISNUMBER(IF(Q91<>"",Q91,I91))),"REVISAR TE",IF(AND(ISNUMBER(Resumen!$B$3),IF(Q91<>"",Q91,I91)<Resumen!$B$3),"REVISAR",IF(IF(Q91<>"",Q91,I91)<TODAY(),"ATRASADO",IF(IF(Q91<>"",Q91,I91)-TODAY()<=2,"POR VENCER","EN TIEMPO"))))) -> Entregado | N91: FIX-NVO-02 | P91: PV1323.pdf
A92: PV 1323 | B92: MADISEN | C92: FIXTURA INSPECCION RESINA | CHECKING FIXTURE FC1Z0F2SDX | D92: 46072 | E92: 1 | F92: 46072 | G92: 2 A 3 SEMANAS (CHEKING FIXTURE) | H92: 21 | I92: =IF(AND(D92<>"",H92<>""),D92+H92,"") -> 46093 | J92: =I92-TODAY() -> -211 | K92: =IF(AND(L92="",ISNUMBER(IF(Q92<>"",Q92,I92))),IF(IF(Q92<>"",Q92,I92)<TODAY(),TODAY()-IF(Q92<>"",Q92,I92),""),"") | L92: x | M92: =IF(L92<>"","Entregado",IF(NOT(ISNUMBER(IF(Q92<>"",Q92,I92))),"REVISAR TE",IF(AND(ISNUMBER(Resumen!$B$3),IF(Q92<>"",Q92,I92)<Resumen!$B$3),"REVISAR",IF(IF(Q92<>"",Q92,I92)<TODAY(),"ATRASADO",IF(IF(Q92<>"",Q92,I92)-TODAY()<=2,"POR VENCER","EN TIEMPO"))))) -> Entregado | N92: FIX-NVO-02 | P92: PV1323.pdf
A93: PV 1324 | B93: TRISTONE FLOWTECH MEXICO | C93: MANDRIL | Muesca Mandril 53022161 Hose A | D93: 46072 | E93: 1 | F93: 46072 | G93: 1 SEMANA | H93: 7 | I93: =IF(AND(D93<>"",H93<>""),D93+H93,"") -> 46079 | J93: =I93-TODAY() -> -225 | K93: =IF(AND(L93="",ISNUMBER(IF(Q93<>"",Q93,I93))),IF(IF(Q93<>"",Q93,I93)<TODAY(),TODAY()-IF(Q93<>"",Q93,I93),""),"") | L93: x | M93: =IF(L93<>"","Entregado",IF(NOT(ISNUMBER(IF(Q93<>"",Q93,I93))),"REVISAR TE",IF(AND(ISNUMBER(Resumen!$B$3),IF(Q93<>"",Q93,I93)<Resumen!$B$3),"REVISAR",IF(IF(Q93<>"",Q93,I93)<TODAY(),"ATRASADO",IF(IF(Q93<>"",Q93,I93)-TODAY()<=2,"POR VENCER","EN TIEMPO"))))) -> Entregado | N93: MAN-RETR-06 | P93: PV1324.pdf
... A146: PV 1335 | B146: TI AUTOMOTIVE REYNOSA | C146: MANDRIL CON TAPAS | BKHO0769AA | D146: 46080 | E146: 4 | F146: 46080 | G146: 6 SEMANAS | H146: 42 | I146: =IF(AND(D146<>"",H146<>""),D146+H146,"") -> 46122 | J146: =I146-TODAY() -> -182 | K146: =IF(AND(L146="",ISNUMBER(IF(Q146<>"",Q146,I146))),IF(IF(Q146<>"",Q146,I146)<TODAY(),TODAY()-IF(Q146<>"",Q146,I146),""),"") | L146: x | M146: =IF(L146<>"","Entregado",IF(NOT(ISNUMBER(IF(Q146<>"",Q146,I146))),"REVISAR TE",IF(AND(ISNUMBER(Resumen!$B$3),IF(Q146<>"",Q146,I146)<Resumen!$B$3),"REVISAR",IF(IF(Q146<>"",Q146,I146)<TODAY(),"ATRASADO",IF(IF(Q146<>"",Q146,I146)-TODAY()<=2,"POR VENCER","EN TIEMPO"))))) -> Entregado | N146: MAN-NVO-01 | P146: PV1335.pdf
A147: PV 1337 | B147: MADISEN | C147: FIXTURA INSPECCION RESINA | CHECKING FIXTURE 156972A | D147: 46083 | E147: 1 | F147: 46083 | I147: =IF(AND(D147<>"",H147<>""),D147+H147,"") | J147: =I147-TODAY() -> #VALUE! | K147: =IF(AND(L147="",ISNUMBER(IF(Q147<>"",Q147,I147))),IF(IF(Q147<>"",Q147,I147)<TODAY(),TODAY()-IF(Q147<>"",Q147,I147),""),"") | L147: x | M147: =IF(L147<>"","Entregado",IF(NOT(ISNUMBER(IF(Q147<>"",Q147,I147))),"REVISAR TE",IF(AND(ISNUMBER(Resumen!$B$3),IF(Q147<>"",Q147,I147)<Resumen!$B$3),"REVISAR",IF(IF(Q147<>"",Q147,I147)<TODAY(),"ATRASADO",IF(IF(Q147<>"",Q147,I147)-TODAY()<=2,"POR VENCER","EN TIEMPO"))))) -> Entregado | N147: FIX-NVO-02 | P147: PV1337.pdf
A148: PV 1337 | B148: MADISEN | C148: FIXTURA INSPECCION RESINA | CHECKING FIXTURE 156968A | D148: 46083 | E148: 1 | F148: 46083 | I148: =IF(AND(D148<>"",H148<>""),D148+H148,"") | J148: =I148-TODAY() -> #VALUE! | K148: =IF(AND(L148="",ISNUMBER(IF(Q148<>"",Q148,I148))),IF(IF(Q148<>"",Q148,I148)<TODAY(),TODAY()-IF(Q148<>"",Q148,I148),""),"") | L148: x | M148: =IF(L148<>"","Entregado",IF(NOT(ISNUMBER(IF(Q148<>"",Q148,I148))),"REVISAR TE",IF(AND(ISNUMBER(Resumen!$B$3),IF(Q148<>"",Q148,I148)<Resumen!$B$3),"REVISAR",IF(IF(Q148<>"",Q148,I148)<TODAY(),"ATRASADO",IF(IF(Q148<>"",Q148,I148)-TODAY()<=2,"POR VENCER","EN TIEMPO"))))) -> Entregado | N148: FIX-NVO-02 | P148: PV1337.pdf
A149: PV 1337 | B149: MADISEN | C149: FIXTURA INSPECCION RESINA | CHECKING FIXTURE 156969A | D149: 46083 | E149: 1 | F149: 46083 | I149: =IF(AND(D149<>"",H149<>""),D149+H149,"") | J149: =I149-TODAY() -> #VALUE! | K149: =IF(AND(L149="",ISNUMBER(IF(Q149<>"",Q149,I149))),IF(IF(Q149<>"",Q149,I149)<TODAY(),TODAY()-IF(Q149<>"",Q149,I149),""),"") | L149: x | M149: =IF(L149<>"","Entregado",IF(NOT(ISNUMBER(IF(Q149<>"",Q149,I149))),"REVISAR TE",IF(AND(ISNUMBER(Resumen!$B$3),IF(Q149<>"",Q149,I149)<Resumen!$B$3),"REVISAR",IF(IF(Q149<>"",Q149,I149)<TODAY(),"ATRASADO",IF(IF(Q149<>"",Q149,I149)-TODAY()<=2,"POR VENCER","EN TIEMPO"))))) -> Entregado | N149: FIX-NVO-02 | P149: PV1337.pdf
A150: PV 1337 | B150: MADISEN | C150: FIXTURA INSPECCION RESINA | CHECKING FIXTURE 156970A | D150: 46083 | E150: 1 | F150: 46083 | I150: =IF(AND(D150<>"",H150<>""),D150+H150,"") | J150: =I150-TODAY() -> #VALUE! | K150: =IF(AND(L150="",ISNUMBER(IF(Q150<>"",Q150,I150))),IF(IF(Q150<>"",Q150,I150)<TODAY(),TODAY()-IF(Q150<>"",Q150,I150),""),"") | L150: x | M150: =IF(L150<>"","Entregado",IF(NOT(ISNUMBER(IF(Q150<>"",Q150,I150))),"REVISAR TE",IF(AND(ISNUMBER(Resumen!$B$3),IF(Q150<>"",Q150,I150)<Resumen!$B$3),"REVISAR",IF(IF(Q150<>"",Q150,I150)<TODAY(),"ATRASADO",IF(IF(Q150<>"",Q150,I150)-TODAY()<=2,"POR VENCER","EN TIEMPO"))))) -> Entregado | N150: FIX-NVO-02 | P150: PV1337.pdf
A151: PV 1337 | B151: MADISEN | C151: FIXTURA INSPECCION RESINA | CHECKING FIXTURE 156971A | D151: 46083 | E151: 1 | F151: 46083 | I151: =IF(AND(D151<>"",H151<>""),D151+H151,"") | J151: =I151-TODAY() -> #VALUE! | K151: =IF(AND(L151="",ISNUMBER(IF(Q151<>"",Q151,I151))),IF(IF(Q151<>"",Q151,I151)<TODAY(),TODAY()-IF(Q151<>"",Q151,I151),""),"") | L151: x | M151: =IF(L151<>"","Entregado",IF(NOT(ISNUMBER(IF(Q151<>"",Q151,I151))),"REVISAR TE",IF(AND(ISNUMBER(Resumen!$B$3),IF(Q151<>"",Q151,I151)<Resumen!$B$3),"REVISAR",IF(IF(Q151<>"",Q151,I151)<TODAY(),"ATRASADO",IF(IF(Q151<>"",Q151,I151)-TODAY()<=2,"POR VENCER","EN TIEMPO"))))) -> Entregado | N151: FIX-NVO-02 | P151: PV1337.pdf
A152: PV 1337 | B152: MADISEN | C152: MANDRIL SIN TAPAS | MANDRELS 156972A | D152: 46083 | E152: 4 | F152: 46083 | I152: =IF(AND(D152<>"",H152<>""),D152+H152,"") | J152: =I152-TODAY() -> #VALUE! | K152: =IF(AND(L152="",ISNUMBER(IF(Q152<>"",Q152,I152))),IF(IF(Q152<>"",Q152,I152)<TODAY(),TODAY()-IF(Q152<>"",Q152,I152),""),"") | L152: x | M152: =IF(L152<>"","Entregado",IF(NOT(ISNUMBER(IF(Q152<>"",Q152,I152))),"REVISAR TE",IF(AND(ISNUMBER(Resumen!$B$3),IF(Q152<>"",Q152,I152)<Resumen!$B$3),"REVISAR",IF(IF(Q152<>"",Q152,I152)<TODAY(),"ATRASADO",IF(IF(Q152<>"",Q152,I152)-TODAY()<=2,"POR VENCER","EN TIEMPO"))))) -> Entregado | N152: MAN-NVO-02 | P152: PV1337.pdf
A153: PV 1337 | B153: MADISEN | C153: FIXTURA INSPECCION RESINA | CHECK BOARD 156972A | D153: 46083 | E153: 1 | F153: 46083 | I153: =IF(AND(D153<>"",H153<>""),D153+H153,"") | J153: =I153-TODAY() -> #VALUE! | K153: =IF(AND(L153="",ISNUMBER(IF(Q153<>"",Q153,I153))),IF(IF(Q153<>"",Q153,I153)<TODAY(),TODAY()-IF(Q153<>"",Q153,I153),""),"") | L153: x | M153: =IF(L153<>"","Entregado",IF(NOT(ISNUMBER(IF(Q153<>"",Q153,I153))),"REVISAR TE",IF(AND(ISNUMBER(Resumen!$B$3),IF(Q153<>"",Q153,I153)<Resumen!$B$3),"REVISAR",IF(IF(Q153<>"",Q153,I153)<TODAY(),"ATRASADO",IF(IF(Q153<>"",Q153,I153)-TODAY()<=2,"POR VENCER","EN TIEMPO"))))) -> Entregado | N153: FIX-NVO-02 | P153: PV1337.pdf
A154: PV 1337 | B154: MADISEN | C154: MANDRIL SIN TAPAS | MANDRELS 156968A | D154: 46083 | E154: 4 | F154: 46083 | I154: =IF(AND(D154<>"",H154<>""),D154+H154,"") | J154: =I154-TODAY() -> #VALUE! | K154: =IF(AND(L154="",ISNUMBER(IF(Q154<>"",Q154,I154))),IF(IF(Q154<>"",Q154,I154)<TODAY(),TODAY()-IF(Q154<>"",Q154,I154),""),"") | L154: x | M154: =IF(L154<>"","Entregado",IF(NOT(ISNUMBER(IF(Q154<>"",Q154,I154))),"REVISAR TE",IF(AND(ISNUMBER(Resumen!$B$3),IF(Q154<>"",Q154,I154)<Resumen!$B$3),"REVISAR",IF(IF(Q154<>"",Q154,I154)<TODAY(),"ATRASADO",IF(IF(Q154<>"",Q154,I154)-TODAY()<=2,"POR VENCER","EN TIEMPO"))))) -> Entregado | N154: MAN-NVO-02 | P154: PV1337.pdf
A155: PV 1337 | B155: MADISEN | C155: FIXTURA INSPECCION RESINA | CHECK BOARD 156968A | D155: 46083 | E155: 1 | F155: 46083 | I155: =IF(AND(D155<>"",H155<>""),D155+H155,"") | J155: =I155-TODAY() -> #VALUE! | K155: =IF(AND(L155="",ISNUMBER(IF(Q155<>"",Q155,I155))),IF(IF(Q155<>"",Q155,I155)<TODAY(),TODAY()-IF(Q155<>"",Q155,I155),""),"") | L155: x | M155: =IF(L155<>"","Entregado",IF(NOT(ISNUMBER(IF(Q155<>"",Q155,I155))),"REVISAR TE",IF(AND(ISNUMBER(Resumen!$B$3),IF(Q155<>"",Q155,I155)<Resumen!$B$3),"REVISAR",IF(IF(Q155<>"",Q155,I155)<TODAY(),"ATRASADO",IF(IF(Q155<>"",Q155,I155)-TODAY()<=2,"POR VENCER","EN TIEMPO"))))) -> Entregado | N155: FIX-NVO-02 | P155: PV1337.pdf
A156: PV 1337 | B156: MADISEN | C156: MANDRIL SIN TAPAS | MANDRELS 156969A | D156: 46083 | E156: 4 | F156: 46083 | I156: =IF(AND(D156<>"",H156<>""),D156+H156,"") | J156: =I156-TODAY() -> #VALUE! | K156: =IF(AND(L156="",ISNUMBER(IF(Q156<>"",Q156,I156))),IF(IF(Q156<>"",Q156,I156)<TODAY(),TODAY()-IF(Q156<>"",Q156,I156),""),"") | L156: x | M156: =IF(L156<>"","Entregado",IF(NOT(ISNUMBER(IF(Q156<>"",Q156,I156))),"REVISAR TE",IF(AND(ISNUMBER(Resumen!$B$3),IF(Q156<>"",Q156,I156)<Resumen!$B$3),"REVISAR",IF(IF(Q156<>"",Q156,I156)<TODAY(),"ATRASADO",IF(IF(Q156<>"",Q156,I156)-TODAY()<=2,"POR VENCER","EN TIEMPO"))))) -> Entregado | N156: MAN-NVO-02 | P156: PV1337.pdf
A157: PV 1337 | B157: MADISEN | C157: FIXTURA INSPECCION RESINA | CHECK BOARD 156969A | D157: 46083 | E157: 1 | F157: 46083 | I157: =IF(AND(D157<>"",H157<>""),D157+H157,"") | J157: =I157-TODAY() -> #VALUE! | K157: =IF(AND(L157="",ISNUMBER(IF(Q157<>"",Q157,I157))),IF(IF(Q157<>"",Q157,I157)<TODAY(),TODAY()-IF(Q157<>"",Q157,I157),""),"") | L157: x | M157: =IF(L157<>"","Entregado",IF(NOT(ISNUMBER(IF(Q157<>"",Q157,I157))),"REVISAR TE",IF(AND(ISNUMBER(Resumen!$B$3),IF(Q157<>"",Q157,I157)<Resumen!$B$3),"REVISAR",IF(IF(Q157<>"",Q157,I157)<TODAY(),"ATRASADO",IF(IF(Q157<>"",Q157,I157)-TODAY()<=2,"POR VENCER","EN TIEMPO"))))) -> Entregado | N157: FIX-NVO-02 | P157: PV1337.pdf
A158: PV 1337 | B158: MADISEN | C158: MANDRIL SIN TAPAS | MANDRELS 156970A | D158: 46083 | E158: 4 | F158: 46083 | I158: =IF(AND(D158<>"",H158<>""),D158+H158,"") | J158: =I158-TODAY() -> #VALUE! | K158: =IF(AND(L158="",ISNUMBER(IF(Q158<>"",Q158,I158))),IF(IF(Q158<>"",Q158,I158)<TODAY(),TODAY()-IF(Q158<>"",Q158,I158),""),"") | L158: x | M158: =IF(L158<>"","Entregado",IF(NOT(ISNUMBER(IF(Q158<>"",Q158,I158))),"REVISAR TE",IF(AND(ISNUMBER(Resumen!$B$3),IF(Q158<>"",Q158,I158)<Resumen!$B$3),"REVISAR",IF(IF(Q158<>"",Q158,I158)<TODAY(),"ATRASADO",IF(IF(Q158<>"",Q158,I158)-TODAY()<=2,"POR VENCER","EN TIEMPO"))))) -> Entregado | N158: MAN-NVO-02 | P158: PV1337.pdf
... A161: PV 1337 | B161: MADISEN | C161: FIXTURA INSPECCION RESINA | CHECK BOARD 156971A | CHECKING FIXTURE 2 A 3 SEMANAS | MANDREL 3 A 4 SEMANAS | CHECK BOARD | D161: 46083 | E161: 1 | F161: 46083 | I161: =IF(AND(D161<>"",H161<>""),D161+H161,"") | J161: =I161-TODAY() -> #VALUE! | K161: =IF(AND(L161="",ISNUMBER(IF(Q161<>"",Q161,I161))),IF(IF(Q161<>"",Q161,I161)<TODAY(),TODAY()-IF(Q161<>"",Q161,I161),""),"") | L161: x | M161: =IF(L161<>"","Entregado",IF(NOT(ISNUMBER(IF(Q161<>"",Q161,I161))),"REVISAR TE",IF(AND(ISNUMBER(Resumen!$B$3),IF(Q161<>"",Q161,I161)<Resumen!$B$3),"REVISAR",IF(IF(Q161<>"",Q161,I161)<TODAY(),"ATRASADO",IF(IF(Q161<>"",Q161,I161)-TODAY()<=2,"POR VENCER","EN TIEMPO"))))) -> Entregado | N161: FIX-NVO-02 | P161: PV1337.pdf
A162: PV 1338 | B162: AKWEL ORIZABA MEXICO | C162: FIXTURA INSPECCION ALUMINIO | GAUGE FINAL 5A69FE3 | D162: 46084 | E162: 1 | F162: 46084 | G162: 5 A 7 SEMANAS | H162: 49 | I162: =IF(AND(D162<>"",H162<>""),D162+H162,"") -> 46133 | J162: =I162-TODAY() -> -171 | K162: =IF(AND(L162="",ISNUMBER(IF(Q162<>"",Q162,I162))),IF(IF(Q162<>"",Q162,I162)<TODAY(),TODAY()-IF(Q162<>"",Q162,I162),""),"") | L162: x | M162: =IF(L162<>"","Entregado",IF(NOT(ISNUMBER(IF(Q162<>"",Q162,I162))),"REVISAR TE",IF(AND(ISNUMBER(Resumen!$B$3),IF(Q162<>"",Q162,I162)<Resumen!$B$3),"REVISAR",IF(IF(Q162<>"",Q162,I162)<TODAY(),"ATRASADO",IF(IF(Q162<>"",Q162,I162)-TODAY()<=2,"POR VENCER","EN TIEMPO"))))) -> Entregado | N162: FIX-NVO-01 | P162: PV1338.pdf
A163: PV 1338 | B163: AKWEL ORIZABA MEXICO | C163: FIXTURA INSPECCION ALUMINIO | GAUGE FINAL 5A69FE4 | D163: 46084 | E163: 1 | F163: 46084 | G163: 5 A 7 SEMANAS | H163: 49 | I163: =IF(AND(D163<>"",H163<>""),D163+H163,"") -> 46133 | J163: =I163-TODAY() -> -171 | K163: =IF(AND(L163="",ISNUMBER(IF(Q163<>"",Q163,I163))),IF(IF(Q163<>"",Q163,I163)<TODAY(),TODAY()-IF(Q163<>"",Q163,I163),""),"") | L163: x | M163: =IF(L163<>"","Entregado",IF(NOT(ISNUMBER(IF(Q163<>"",Q163,I163))),"REVISAR TE",IF(AND(ISNUMBER(Resumen!$B$3),IF(Q163<>"",Q163,I163)<Resumen!$B$3),"REVISAR",IF(IF(Q163<>"",Q163,I163)<TODAY(),"ATRASADO",IF(IF(Q163<>"",Q163,I163)-TODAY()<=2,"POR VENCER","EN TIEMPO"))))) -> Entregado | N163: FIX-NVO-01 | P163: PV1338.pdf
A164: PV 1338 | B164: AKWEL ORIZABA MEXICO | C164: FIXTURA INSPECCION ALUMINIO | GAUGE FINAL 5A69FE6 | D164: 46084 | E164: 1 | F164: 46084 | G164: 5 A 7 SEMANAS | H164: 49 | I164: =IF(AND(D164<>"",H164<>""),D164+H164,"") -> 46133 | J164: =I164-TODAY() -> -171 | K164: =IF(AND(L164="",ISNUMBER(IF(Q164<>"",Q164,I164))),IF(IF(Q164<>"",Q164,I164)<TODAY(),TODAY()-IF(Q164<>"",Q164,I164),""),"") | L164: x | M164: =IF(L164<>"","Entregado",IF(NOT(ISNUMBER(IF(Q164<>"",Q164,I164))),"REVISAR TE",IF(AND(ISNUMBER(Resumen!$B$3),IF(Q164<>"",Q164,I164)<Resumen!$B$3),"REVISAR",IF(IF(Q164<>"",Q164,I164)<TODAY(),"ATRASADO",IF(IF(Q164<>"",Q164,I164)-TODAY()<=2,"POR VENCER","EN TIEMPO"))))) -> Entregado | N164: FIX-NVO-01 | P164: PV1338.pdf
A165: PV 1338 | B165: AKWEL ORIZABA MEXICO | C165: FIXTURA INSPECCION ALUMINIO | GAUGE FINAL 5A69FE8 | D165: 46084 | E165: 1 | F165: 46084 | G165: 5 A 7 SEMANAS | H165: 49 | I165: =IF(AND(D165<>"",H165<>""),D165+H165,"") -> 46133 | J165: =I165-TODAY() -> -171 | K165: =IF(AND(L165="",ISNUMBER(IF(Q165<>"",Q165,I165))),IF(IF(Q165<>"",Q165,I165)<TODAY(),TODAY()-IF(Q165<>"",Q165,I165),""),"") | L165: x | M165: =IF(L165<>"","Entregado",IF(NOT(ISNUMBER(IF(Q165<>"",Q165,I165))),"REVISAR TE",IF(AND(ISNUMBER(Resumen!$B$3),IF(Q165<>"",Q165,I165)<Resumen!$B$3),"REVISAR",IF(IF(Q165<>"",Q165,I165)<TODAY(),"ATRASADO",IF(IF(Q165<>"",Q165,I165)-TODAY()<=2,"POR VENCER","EN TIEMPO"))))) -> Entregado | N165: FIX-NVO-01 | P165: PV1338.pdf
A166: PV 1338 | B166: AKWEL ORIZABA MEXICO | C166: FIXTURA INSPECCION ALUMINIO | GAUGE FINAL 5A69FE9 | D166: 46084 | E166: 1 | F166: 46084 | G166: 5 A 7 SEMANAS | H166: 49 | I166: =IF(AND(D166<>"",H166<>""),D166+H166,"") -> 46133 | J166: =I166-TODAY() -> -171 | K166: =IF(AND(L166="",ISNUMBER(IF(Q166<>"",Q166,I166))),IF(IF(Q166<>"",Q166,I166)<TODAY(),TODAY()-IF(Q166<>"",Q166,I166),""),"") | L166: x | M166: =IF(L166<>"","Entregado",IF(NOT(ISNUMBER(IF(Q166<>"",Q166,I166))),"REVISAR TE",IF(AND(ISNUMBER(Resumen!$B$3),IF(Q166<>"",Q166,I166)<Resumen!$B$3),"REVISAR",IF(IF(Q166<>"",Q166,I166)<TODAY(),"ATRASADO",IF(IF(Q166<>"",Q166,I166)-TODAY()<=2,"POR VENCER","EN TIEMPO"))))) -> Entregado | N166: FIX-NVO-01 | P166: PV1338.pdf
A167: PV 1338 | B167: AKWEL ORIZABA MEXICO | C167: FIXTURA INSPECCION ALUMINIO | GAUGE FINAL 5A69FF0 | D167: 46084 | E167: 1 | F167: 46084 | G167: 5 A 7 SEMANAS | H167: 49 | I167: =IF(AND(D167<>"",H167<>""),D167+H167,"") -> 46133 | J167: =I167-TODAY() -> -171 | K167: =IF(AND(L167="",ISNUMBER(IF(Q167<>"",Q167,I167))),IF(IF(Q167<>"",Q167,I167)<TODAY(),TODAY()-IF(Q167<>"",Q167,I167),""),"") | L167: x | M167: =IF(L167<>"","Entregado",IF(NOT(ISNUMBER(IF(Q167<>"",Q167,I167))),"REVISAR TE",IF(AND(ISNUMBER(Resumen!$B$3),IF(Q167<>"",Q167,I167)<Resumen!$B$3),"REVISAR",IF(IF(Q167<>"",Q167,I167)<TODAY(),"ATRASADO",IF(IF(Q167<>"",Q167,I167)-TODAY()<=2,"POR VENCER","EN TIEMPO"))))) -> Entregado | N167: FIX-NVO-01 | P167: PV1338.pdf
A168: PV 1338 | B168: AKWEL ORIZABA MEXICO | C168: FIXTURA INSPECCION ALUMINIO | GAUGE FINAL 5A69FF2 | D168: 46084 | E168: 1 | F168: 46084 | G168: 5 A 7 SEMANAS | H168: 49 | I168: =IF(AND(D168<>"",H168<>""),D168+H168,"") -> 46133 | J168: =I168-TODAY() -> -171 | K168: =IF(AND(L168="",ISNUMBER(IF(Q168<>"",Q168,I168))),IF(IF(Q168<>"",Q168,I168)<TODAY(),TODAY()-IF(Q168<>"",Q168,I168),""),"") | L168: x | M168: =IF(L168<>"","Entregado",IF(NOT(ISNUMBER(IF(Q168<>"",Q168,I168))),"REVISAR TE",IF(AND(ISNUMBER(Resumen!$B$3),IF(Q168<>"",Q168,I168)<Resumen!$B$3),"REVISAR",IF(IF(Q168<>"",Q168,I168)<TODAY(),"ATRASADO",IF(IF(Q168<>"",Q168,I168)-TODAY()<=2,"POR VENCER","EN TIEMPO"))))) -> Entregado | N168: FIX-NVO-01 | P168: PV1338.pdf
A169: PV 1338 | B169: AKWEL ORIZABA MEXICO | C169: FIXTURA INSPECCION ALUMINIO | GAUGE FINAL 5A69FF3 | D169: 46084 | E169: 1 | F169: 46084 | G169: 5 A 7 SEMANAS | H169: 49 | I169: =IF(AND(D169<>"",H169<>""),D169+H169,"") -> 46133 | J169: =I169-TODAY() -> -171 | K169: =IF(AND(L169="",ISNUMBER(IF(Q169<>"",Q169,I169))),IF(IF(Q169<>"",Q169,I169)<TODAY(),TODAY()-IF(Q169<>"",Q169,I169),""),"") | L169: x | M169: =IF(L169<>"","Entregado",IF(NOT(ISNUMBER(IF(Q169<>"",Q169,I169))),"REVISAR TE",IF(AND(ISNUMBER(Resumen!$B$3),IF(Q169<>"",Q169,I169)<Resumen!$B$3),"REVISAR",IF(IF(Q169<>"",Q169,I169)<TODAY(),"ATRASADO",IF(IF(Q169<>"",Q169,I169)-TODAY()<=2,"POR VENCER","EN TIEMPO"))))) -> Entregado | N169: FIX-NVO-01 | P169: PV1338.pdf
A170: PV 1338 | B170: AKWEL ORIZABA MEXICO | C170: FIXTURA INSPECCION ALUMINIO | GAUGE FINAL 5A69FF4 | D170: 46084 | E170: 1 | F170: 46084 | G170: 5 A 7 SEMANAS | H170: 49 | I170: =IF(AND(D170<>"",H170<>""),D170+H170,"") -> 46133 | J170: =I170-TODAY() -> -171 | K170: =IF(AND(L170="",ISNUMBER(IF(Q170<>"",Q170,I170))),IF(IF(Q170<>"",Q170,I170)<TODAY(),TODAY()-IF(Q170<>"",Q170,I170),""),"") | L170: x | M170: =IF(L170<>"","Entregado",IF(NOT(ISNUMBER(IF(Q170<>"",Q170,I170))),"REVISAR TE",IF(AND(ISNUMBER(Resumen!$B$3),IF(Q170<>"",Q170,I170)<Resumen!$B$3),"REVISAR",IF(IF(Q170<>"",Q170,I170)<TODAY(),"ATRASADO",IF(IF(Q170<>"",Q170,I170)-TODAY()<=2,"POR VENCER","EN TIEMPO"))))) -> Entregado | N170: FIX-NVO-01 | P170: PV1338.pdf
A171: PV 1338 | B171: AKWEL ORIZABA MEXICO | C171: FIXTURA INSPECCION ALUMINIO | GAUGE FINAL 5A69FF5 | D171: 46084 | E171: 1 | F171: 46084 | G171: 5 A 7 SEMANAS | H171: 49 | I171: =IF(AND(D171<>"",H171<>""),D171+H171,"") -> 46133 | J171: =I171-TODAY() -> -171 | K171: =IF(AND(L171="",ISNUMBER(IF(Q171<>"",Q171,I171))),IF(IF(Q171<>"",Q171,I171)<TODAY(),TODAY()-IF(Q171<>"",Q171,I171),""),"") | L171: x | M171: =IF(L171<>"","Entregado",IF(NOT(ISNUMBER(IF(Q171<>"",Q171,I171))),"REVISAR TE",IF(AND(ISNUMBER(Resumen!$B$3),IF(Q171<>"",Q171,I171)<Resumen!$B$3),"REVISAR",IF(IF(Q171<>"",Q171,I171)<TODAY(),"ATRASADO",IF(IF(Q171<>"",Q171,I171)-TODAY()<=2,"POR VENCER","EN TIEMPO"))))) -> Entregado | N171: FIX-NVO-01 | P171: PV1338.pdf
A172: PV 1339 | B172: MOTORES Y APARATOS ELECTRICOS DE DURANGO | C172: RETRABAJO DE FIXTURA DE ALUMINIO | GARANTIA: Desviación y torre con movimiento 130016279AA | D172: 46084 | E172: 1 | F172: 46084 | G172: INMEDIATO | H172: 0 | I172: =IF(AND(D172<>"",H172<>""),D172+H172,"") -> 46084 | J172: =I172-TODAY() -> -220 | K172: =IF(AND(L172="",ISNUMBER(IF(Q172<>"",Q172,I172))),IF(IF(Q172<>"",Q172,I172)<TODAY(),TODAY()-IF(Q172<>"",Q172,I172),""),"") | L172: x | M172: =IF(L172<>"","Entregado",IF(NOT(ISNUMBER(IF(Q172<>"",Q172,I172))),"REVISAR TE",IF(AND(ISNUMBER(Resumen!$B$3),IF(Q172<>"",Q172,I172)<Resumen!$B$3),"REVISAR",IF(IF(Q172<>"",Q172,I172)<TODAY(),"ATRASADO",IF(IF(Q172<>"",Q172,I172)-TODAY()<=2,"POR VENCER","EN TIEMPO"))))) -> Entregado | N172: FIX-RETR-08 | P172: PV1339.pdf
A173: PV 1339 | B173: MOTORES Y APARATOS ELECTRICOS DE DURANGO | C173: RETRABAJO DE FIXTURA DE ALUMINIO | GARANTIA: Ajustar a muestra física el conector AA116429-8400 | D173: 46084 | E173: 1 | F173: 46084 | G173: INMEDIATO | H173: 0 | I173: =IF(AND(D173<>"",H173<>""),D173+H173,"") -> 46084 | J173: =I173-TODAY() -> -220 | K173: =IF(AND(L173="",ISNUMBER(IF(Q173<>"",Q173,I173))),IF(IF(Q173<>"",Q173,I173)<TODAY(),TODAY()-IF(Q173<>"",Q173,I173),""),"") | L173: x | M173: =IF(L173<>"","Entregado",IF(NOT(ISNUMBER(IF(Q173<>"",Q173,I173))),"REVISAR TE",IF(AND(ISNUMBER(Resumen!$B$3),IF(Q173<>"",Q173,I173)<Resumen!$B$3),"REVISAR",IF(IF(Q173<>"",Q173,I173)<TODAY(),"ATRASADO",IF(IF(Q173<>"",Q173,I173)-TODAY()<=2,"POR VENCER","EN TIEMPO"))))) -> Entregado | N173: FIX-RETR-08 | P173: PV1339.pdf
... A259: PV 1371 | B259: HUTCHINSON TRANSFERENCIA DE FLUIDOS MEXICO | C259: Material diverso | Tuerca para verificar la rosca del FILLER HEAD | D259: 46120 | E259: 4 | F259: 46120 | G259: 2 SEMANAS | H259: 14 | I259: =IF(AND(D259<>"",H259<>""),D259+H259,"") -> 46134 | J259: =I259-TODAY() -> -170 | K259: =IF(AND(L259="",ISNUMBER(IF(Q259<>"",Q259,I259))),IF(IF(Q259<>"",Q259,I259)<TODAY(),TODAY()-IF(Q259<>"",Q259,I259),""),"") | L259: x | M259: =IF(L259<>"","Entregado",IF(NOT(ISNUMBER(IF(Q259<>"",Q259,I259))),"REVISAR TE",IF(AND(ISNUMBER(Resumen!$B$3),IF(Q259<>"",Q259,I259)<Resumen!$B$3),"REVISAR",IF(IF(Q259<>"",Q259,I259)<TODAY(),"ATRASADO",IF(IF(Q259<>"",Q259,I259)-TODAY()<=2,"POR VENCER","EN TIEMPO"))))) -> Entregado | N259: OTRO-42 | P259: PV1371.pdf
A260: PV 1372 | B260: SONOCO | C260: CALIBRACION A EQUIPO | MEN06 | D260: 46120 | E260: 1 | F260: 46120 | I260: =IF(AND(D260<>"",H260<>""),D260+H260,"") | J260: =I260-TODAY() -> #VALUE! | K260: =IF(AND(L260="",ISNUMBER(IF(Q260<>"",Q260,I260))),IF(IF(Q260<>"",Q260,I260)<TODAY(),TODAY()-IF(Q260<>"",Q260,I260),""),"") | L260: x | M260: =IF(L260<>"","Entregado",IF(NOT(ISNUMBER(IF(Q260<>"",Q260,I260))),"REVISAR TE",IF(AND(ISNUMBER(Resumen!$B$3),IF(Q260<>"",Q260,I260)<Resumen!$B$3),"REVISAR",IF(IF(Q260<>"",Q260,I260)<TODAY(),"ATRASADO",IF(IF(Q260<>"",Q260,I260)-TODAY()<=2,"POR VENCER","EN TIEMPO"))))) -> Entregado | N260: SERV-INSP-03 | P260: PV1372.pdf
A261: PV 1372 | B261: SONOCO | C261: CALIBRACION A EQUIPO | CA011 | D261: 46120 | E261: 1 | F261: 46120 | I261: =IF(AND(D261<>"",H261<>""),D261+H261,"") | J261: =I261-TODAY() -> #VALUE! | K261: =IF(AND(L261="",ISNUMBER(IF(Q261<>"",Q261,I261))),IF(IF(Q261<>"",Q261,I261)<TODAY(),TODAY()-IF(Q261<>"",Q261,I261),""),"") | L261: x | M261: =IF(L261<>"","Entregado",IF(NOT(ISNUMBER(IF(Q261<>"",Q261,I261))),"REVISAR TE",IF(AND(ISNUMBER(Resumen!$B$3),IF(Q261<>"",Q261,I261)<Resumen!$B$3),"REVISAR",IF(IF(Q261<>"",Q261,I261)<TODAY(),"ATRASADO",IF(IF(Q261<>"",Q261,I261)-TODAY()<=2,"POR VENCER","EN TIEMPO"))))) -> Entregado | N261: SERV-INSP-03 | P261: PV1372.pdf
A262: PV 1372 | B262: SONOCO | C262: CALIBRACION A EQUIPO | MES08 | D262: 46120 | E262: 1 | F262: 46120 | I262: =IF(AND(D262<>"",H262<>""),D262+H262,"") | J262: =I262-TODAY() -> #VALUE! | K262: =IF(AND(L262="",ISNUMBER(IF(Q262<>"",Q262,I262))),IF(IF(Q262<>"",Q262,I262)<TODAY(),TODAY()-IF(Q262<>"",Q262,I262),""),"") | L262: x | M262: =IF(L262<>"","Entregado",IF(NOT(ISNUMBER(IF(Q262<>"",Q262,I262))),"REVISAR TE",IF(AND(ISNUMBER(Resumen!$B$3),IF(Q262<>"",Q262,I262)<Resumen!$B$3),"REVISAR",IF(IF(Q262<>"",Q262,I262)<TODAY(),"ATRASADO",IF(IF(Q262<>"",Q262,I262)-TODAY()<=2,"POR VENCER","EN TIEMPO"))))) -> Entregado | N262: SERV-INSP-03 | P262: PV1372.pdf
A263: PV 1373 | B263: COOPER-STANDARD DE MEXICO | C263: FIXTURA INSPECCION RESINA | Final gage (FG) WK41-9D289-AB / WK41-9D289-BB | D263: 46120 | E263: 1 | F263: 46120 | G263: 6 A 8 SEMANAS | H263: 56 | I263: =IF(AND(D263<>"",H263<>""),D263+H263,"") -> 46176 | J263: =I263-TODAY() -> -128 | K263: =IF(AND(L263="",ISNUMBER(IF(Q263<>"",Q263,I263))),IF(IF(Q263<>"",Q263,I263)<TODAY(),TODAY()-IF(Q263<>"",Q263,I263),""),"") | L263: x | M263: =IF(L263<>"","Entregado",IF(NOT(ISNUMBER(IF(Q263<>"",Q263,I263))),"REVISAR TE",IF(AND(ISNUMBER(Resumen!$B$3),IF(Q263<>"",Q263,I263)<Resumen!$B$3),"REVISAR",IF(IF(Q263<>"",Q263,I263)<TODAY(),"ATRASADO",IF(IF(Q263<>"",Q263,I263)-TODAY()<=2,"POR VENCER","EN TIEMPO"))))) -> Entregado | N263: FIX-NVO-02 | P263: PV1373.pdf
A264: PV 1373 | B264: COOPER-STANDARD DE MEXICO | C264: FIXTURA INSPECCION RESINA | Final gage (FG) WK41-9G291-AB / WK41-9G291-CB | D264: 46120 | E264: 1 | F264: 46120 | G264: 6 A 8 SEMANAS | H264: 56 | I264: =IF(AND(D264<>"",H264<>""),D264+H264,"") -> 46176 | J264: =I264-TODAY() -> -128 | K264: =IF(AND(L264="",ISNUMBER(IF(Q264<>"",Q264,I264))),IF(IF(Q264<>"",Q264,I264)<TODAY(),TODAY()-IF(Q264<>"",Q264,I264),""),"") | L264: x | M264: =IF(L264<>"","Entregado",IF(NOT(ISNUMBER(IF(Q264<>"",Q264,I264))),"REVISAR TE",IF(AND(ISNUMBER(Resumen!$B$3),IF(Q264<>"",Q264,I264)<Resumen!$B$3),"REVISAR",IF(IF(Q264<>"",Q264,I264)<TODAY(),"ATRASADO",IF(IF(Q264<>"",Q264,I264)-TODAY()<=2,"POR VENCER","EN TIEMPO"))))) -> Entregado | N264: FIX-NVO-02 | P264: PV1373.pdf
A265: PV 1373 | B265: COOPER-STANDARD DE MEXICO | C265: FIXTURA INSPECCION RESINA | Final gage WK41-9J279-CA / WK41-9J279-DB | D265: 46120 | E265: 1 | F265: 46120 | G265: 6 A 8 SEMANAS | H265: 56 | I265: =IF(AND(D265<>"",H265<>""),D265+H265,"") -> 46176 | J265: =I265-TODAY() -> -128 | K265: =IF(AND(L265="",ISNUMBER(IF(Q265<>"",Q265,I265))),IF(IF(Q265<>"",Q265,I265)<TODAY(),TODAY()-IF(Q265<>"",Q265,I265),""),"") | L265: x | M265: =IF(L265<>"","Entregado",IF(NOT(ISNUMBER(IF(Q265<>"",Q265,I265))),"REVISAR TE",IF(AND(ISNUMBER(Resumen!$B$3),IF(Q265<>"",Q265,I265)<Resumen!$B$3),"REVISAR",IF(IF(Q265<>"",Q265,I265)<TODAY(),"ATRASADO",IF(IF(Q265<>"",Q265,I265)-TODAY()<=2,"POR VENCER","EN TIEMPO"))))) -> Entregado | N265: FIX-NVO-02 | P265: PV1373.pdf
A266: PV 1374 | B266: TI AUTOMOTIVE REYNOSA | C266: FIXTURA INSPECCION ALUMINIO | BD GAGE NP 68582113AB TUBO C | D266: 46121 | E266: 1 | F266: 46121 | G266: 4 A 6 SEMANAS | H266: 42 | I266: =IF(AND(D266<>"",H266<>""),D266+H266,"") -> 46163 | J266: =I266-TODAY() -> -141 | K266: =IF(AND(L266="",ISNUMBER(IF(Q266<>"",Q266,I266))),IF(IF(Q266<>"",Q266,I266)<TODAY(),TODAY()-IF(Q266<>"",Q266,I266),""),"") | L266: x | M266: =IF(L266<>"","Entregado",IF(NOT(ISNUMBER(IF(Q266<>"",Q266,I266))),"REVISAR TE",IF(AND(ISNUMBER(Resumen!$B$3),IF(Q266<>"",Q266,I266)<Resumen!$B$3),"REVISAR",IF(IF(Q266<>"",Q266,I266)<TODAY(),"ATRASADO",IF(IF(Q266<>"",Q266,I266)-TODAY()<=2,"POR VENCER","EN TIEMPO"))))) -> Entregado | N266: FIX-NVO-01 | P266: PV1374.pdf
A267: PV 1375 | B267: AKWEL ORIZABA MEXICO | C267: Material diverso | CARRO Y FUNDA PARA GAUGE | D267: 46121 | E267: 10 | F267: 46121 | G267: 4 A 6 SEMANAS | H267: 42 | I267: =IF(AND(D267<>"",H267<>""),D267+H267,"") -> 46163 | J267: =I267-TODAY() -> -141 | K267: =IF(AND(L267="",ISNUMBER(IF(Q267<>"",Q267,I267))),IF(IF(Q267<>"",Q267,I267)<TODAY(),TODAY()-IF(Q267<>"",Q267,I267),""),"") | L267: x | M267: =IF(L267<>"","Entregado",IF(NOT(ISNUMBER(IF(Q267<>"",Q267,I267))),"REVISAR TE",IF(AND(ISNUMBER(Resumen!$B$3),IF(Q267<>"",Q267,I267)<Resumen!$B$3),"REVISAR",IF(IF(Q267<>"",Q267,I267)<TODAY(),"ATRASADO",IF(IF(Q267<>"",Q267,I267)-TODAY()<=2,"POR VENCER","EN TIEMPO"))))) -> Entregado | N267: OTRO-42 | P267: PV1375.pdf
A268: PV 1376 | B268: AKWEL ORIZABA MEXICO | C268: IMPRESION | IMPRESIÓN 3D ENSAMBLE 5A69FE3 | D268: 46121 | E268: 1 | F268: 46121 | G268: 2 A 4 SEMANAS | H268: 28 | I268: =IF(AND(D268<>"",H268<>""),D268+H268,"") -> 46149 | J268: =I268-TODAY() -> -155 | K268: =IF(AND(L268="",ISNUMBER(IF(Q268<>"",Q268,I268))),IF(IF(Q268<>"",Q268,I268)<TODAY(),TODAY()-IF(Q268<>"",Q268,I268),""),"") | L268: x | M268: =IF(L268<>"","Entregado",IF(NOT(ISNUMBER(IF(Q268<>"",Q268,I268))),"REVISAR TE",IF(AND(ISNUMBER(Resumen!$B$3),IF(Q268<>"",Q268,I268)<Resumen!$B$3),"REVISAR",IF(IF(Q268<>"",Q268,I268)<TODAY(),"ATRASADO",IF(IF(Q268<>"",Q268,I268)-TODAY()<=2,"POR VENCER","EN TIEMPO"))))) -> Entregado | N268: CONS--899 | P268: PV1376.pdf
A269: PV 1376 | B269: AKWEL ORIZABA MEXICO | C269: IMPRESION | IMPRESIÓN 3D ENSAMBLE 5A69FE4 | D269: 46121 | E269: 1 | F269: 46121 | G269: 2 A 4 SEMANAS | H269: 28 | I269: =IF(AND(D269<>"",H269<>""),D269+H269,"") -> 46149 | J269: =I269-TODAY() -> -155 | K269: =IF(AND(L269="",ISNUMBER(IF(Q269<>"",Q269,I269))),IF(IF(Q269<>"",Q269,I269)<TODAY(),TODAY()-IF(Q269<>"",Q269,I269),""),"") | L269: x | M269: =IF(L269<>"","Entregado",IF(NOT(ISNUMBER(IF(Q269<>"",Q269,I269))),"REVISAR TE",IF(AND(ISNUMBER(Resumen!$B$3),IF(Q269<>"",Q269,I269)<Resumen!$B$3),"REVISAR",IF(IF(Q269<>"",Q269,I269)<TODAY(),"ATRASADO",IF(IF(Q269<>"",Q269,I269)-TODAY()<=2,"POR VENCER","EN TIEMPO"))))) -> Entregado | N269: CONS--899 | P269: PV1376.pdf
A270: PV 1376 | B270: AKWEL ORIZABA MEXICO | C270: IMPRESION | IMPRESIÓN 3D ENSAMBLE 5A69FE6 | D270: 46121 | E270: 1 | F270: 46121 | G270: 2 A 4 SEMANAS | H270: 28 | I270: =IF(AND(D270<>"",H270<>""),D270+H270,"") -> 46149 | J270: =I270-TODAY() -> -155 | K270: =IF(AND(L270="",ISNUMBER(IF(Q270<>"",Q270,I270))),IF(IF(Q270<>"",Q270,I270)<TODAY(),TODAY()-IF(Q270<>"",Q270,I270),""),"") | L270: x | M270: =IF(L270<>"","Entregado",IF(NOT(ISNUMBER(IF(Q270<>"",Q270,I270))),"REVISAR TE",IF(AND(ISNUMBER(Resumen!$B$3),IF(Q270<>"",Q270,I270)<Resumen!$B$3),"REVISAR",IF(IF(Q270<>"",Q270,I270)<TODAY(),"ATRASADO",IF(IF(Q270<>"",Q270,I270)-TODAY()<=2,"POR VENCER","EN TIEMPO"))))) -> Entregado | N270: CONS--899 | P270: PV1376.pdf
A271: PV 1376 | B271: AKWEL ORIZABA MEXICO | C271: IMPRESION | IMPRESIÓN 3D ENSAMBLE 5A69FE8 | D271: 46121 | E271: 1 | F271: 46121 | G271: 2 A 4 SEMANAS | H271: 28 | I271: =IF(AND(D271<>"",H271<>""),D271+H271,"") -> 46149 | J271: =I271-TODAY() -> -155 | K271: =IF(AND(L271="",ISNUMBER(IF(Q271<>"",Q271,I271))),IF(IF(Q271<>"",Q271,I271)<TODAY(),TODAY()-IF(Q271<>"",Q271,I271),""),"") | L271: x | M271: =IF(L271<>"","Entregado",IF(NOT(ISNUMBER(IF(Q271<>"",Q271,I271))),"REVISAR TE",IF(AND(ISNUMBER(Resumen!$B$3),IF(Q271<>"",Q271,I271)<Resumen!$B$3),"REVISAR",IF(IF(Q271<>"",Q271,I271)<TODAY(),"ATRASADO",IF(IF(Q271<>"",Q271,I271)-TODAY()<=2,"POR VENCER","EN TIEMPO"))))) -> Entregado | N271: CONS--899 | P271: PV1376.pdf
A272: PV 1376 | B272: AKWEL ORIZABA MEXICO | C272: IMPRESION | IMPRESIÓN 3D ENSAMBLE 5A69FE9 | D272: 46121 | E272: 1 | F272: 46121 | G272: 2 A 4 SEMANAS | H272: 28 | I272: =IF(AND(D272<>"",H272<>""),D272+H272,"") -> 46149 | J272: =I272-TODAY() -> -155 | K272: =IF(AND(L272="",ISNUMBER(IF(Q272<>"",Q272,I272))),IF(IF(Q272<>"",Q272,I272)<TODAY(),TODAY()-IF(Q272<>"",Q272,I272),""),"") | L272: x | M272: =IF(L272<>"","Entregado",IF(NOT(ISNUMBER(IF(Q272<>"",Q272,I272))),"REVISAR TE",IF(AND(ISNUMBER(Resumen!$B$3),IF(Q272<>"",Q272,I272)<Resumen!$B$3),"REVISAR",IF(IF(Q272<>"",Q272,I272)<TODAY(),"ATRASADO",IF(IF(Q272<>"",Q272,I272)-TODAY()<=2,"POR VENCER","EN TIEMPO"))))) -> Entregado | N272: CONS--899 | P272: PV1376.pdf
...
